"X.Orf","COG"
"Rv0001","L"
"Rv0002","L"
"Rv0003","L"
"Rv0004","R"
"Rv0005","L"
"Rv0006","L"
"Rv0007","S"
"Rv0008c","S"
"Rv0009","O"
"Rv0010c","S"
"Rv0011c","S"
"Rv0012","S"
"Rv0013","H"
"Rv0014c","L"
"Rv0014c","S"
"Rv0015c","L"
"Rv0016c","M"
"Rv0017c","D"
"Rv0018c","T"
"Rv0019c","T"
"Rv0020c","T"
"Rv0021c","R"
"Rv0022c","S"
"Rv0023","K"
"Rv0024","M"
"Rv0025","S"
"Rv0026","S"
"Rv0027","S"
"Rv0028","S"
"Rv0029","S"
"Rv0030","S"
"Rv0031","S"
"Rv0032","H"
"Rv0033","Q"
"Rv0034","R"
"Rv0035","Q"
"Rv0036c","S"
"Rv0037c","R"
"Rv0038","K"
"Rv0039c","S"
"Rv0040c","S"
"Rv0041","J"
"Rv0042c","K"
"Rv0043c","K"
"Rv0044c","C"
"Rv0045c","R"
"Rv0046c","I"
"Rv0047c","K"
"Rv0048c","S"
"Rv0049","S"
"Rv0050","M"
"Rv0051","S"
"Rv0052","R"
"Rv0053","J"
"Rv0054","L"
"Rv0055","J"
"Rv0056","J"
"Rv0057","S"
"Rv0058","L"
"Rv0058","L"
"Rv0059","S"
"Rv0060","R"
"Rv0061c","S"
"Rv0062","G"
"Rv0063","C"
"Rv0064","S"
"Rv0064A","S"
"Rv0065","R"
"Rv0066c","C"
"Rv0067c","K"
"Rv0068","R"
"Rv0069c","E"
"Rv0070c","E"
"Rv0071","L"
"Rv0072","V"
"Rv0073","V"
"Rv0074","Q"
"Rv0075","E"
"Rv0076c","S"
"Rv0077c","R"
"Rv0078","K"
"Rv0078A","S"
"Rv0078B","S"
"Rv0079","J"
"Rv0080","S"
"Rv0081","K"
"Rv0082","C"
"Rv0083","P"
"Rv0084","C"
"Rv0085","C"
"Rv0086","P"
"Rv0087","C"
"Rv0087","C"
"Rv0088","J"
"Rv0089","R"
"Rv0090","P"
"Rv0090","S"
"Rv0091","F"
"Rv0092","P"
"Rv0093c","S"
"Rv0094c","S"
"Rv0095c","S"
"Rv0096","S"
"Rv0097","Q"
"Rv0098","S"
"Rv0099","Q"
"Rv0100","Q"
"Rv0101","Q"
"Rv0101","Q"
"Rv0102","S"
"Rv0103c","P"
"Rv0104","T"
"Rv0105c","J"
"Rv0106","R"
"Rv0107c","P"
"Rv0108c","S"
"Rv0109","S"
"Rv0110","R"
"Rv0111","I"
"Rv0112","G"
"Rv0113","G"
"Rv0114","E"
"Rv0115","R"
"Rv0116c","S"
"Rv0117","K"
"Rv0118c","H"
"Rv0119","Q"
"Rv0120c","J"
"Rv0121c","R"
"Rv0122","S"
"Rv0123","S"
"Rv0124","S"
"Rv0125","O"
"Rv0126","G"
"Rv0127","G"
"Rv0128","S"
"Rv0129c","R"
"Rv0130","I"
"Rv0131c","I"
"Rv0132c","C"
"Rv0133","R"
"Rv0134","R"
"Rv0135c","K"
"Rv0136","Q"
"Rv0137c","O"
"Rv0138","S"
"Rv0139","G"
"Rv0140","S"
"Rv0141c","R"
"Rv0142","L"
"Rv0143c","P"
"Rv0144","K"
"Rv0145","Q"
"Rv0146","Q"
"Rv0147","C"
"Rv0148","R"
"Rv0149","R"
"Rv0150c","S"
"Rv0151c","S"
"Rv0152c","S"
"Rv0153c","T"
"Rv0154c","I"
"Rv0155","C"
"Rv0156","C"
"Rv0157","C"
"Rv0157A","S"
"Rv0158","K"
"Rv0159c","S"
"Rv0160c","S"
"Rv0161","C"
"Rv0162c","C"
"Rv0163","R"
"Rv0164","I"
"Rv0165c","K"
"Rv0166","Q"
"Rv0167","Q"
"Rv0168","Q"
"Rv0169","T"
"Rv0169","Q"
"Rv0170","Q"
"Rv0171","T"
"Rv0171","Q"
"Rv0172","Q"
"Rv0173","Q"
"Rv0174","Q"
"Rv0175","S"
"Rv0176","S"
"Rv0177","S"
"Rv0178","S"
"Rv0179c","S"
"Rv0180c","S"
"Rv0181c","R"
"Rv0182c","K"
"Rv0183","I"
"Rv0184","S"
"Rv0185","S"
"Rv0186","G"
"Rv0186A","S"
"Rv0187","R"
"Rv0188","S"
"Rv0189c","G"
"Rv0190","S"
"Rv0191","G"
"Rv0192","S"
"Rv0192A","S"
"Rv0193c","S"
"Rv0194","V"
"Rv0195","K"
"Rv0196","K"
"Rv0197","C"
"Rv0198c","O"
"Rv0199","S"
"Rv0200","S"
"Rv0201c","K"
"Rv0202c","R"
"Rv0203","S"
"Rv0204c","S"
"Rv0205","R"
"Rv0206c","R"
"Rv0207c","S"
"Rv0208c","R"
"Rv0209","S"
"Rv0210","S"
"Rv0211","C"
"Rv0212c","H"
"Rv0212c","H"
"Rv0213c","C"
"Rv0214","Q"
"Rv0215c","I"
"Rv0216","I"
"Rv0217c","I"
"Rv0218","R"
"Rv0219","S"
"Rv0220","I"
"Rv0221","Q"
"Rv0222","I"
"Rv0223c","C"
"Rv0224c","R"
"Rv0225","M"
"Rv0226c","S"
"Rv0227c","S"
"Rv0228","I"
"Rv0229c","R"
"Rv0230c","R"
"Rv0231","I"
"Rv0232","K"
"Rv0233","F"
"Rv0234c","C"
"Rv0235c","S"
"Rv0236A","S"
"Rv0236c","S"
"Rv0237","G"
"Rv0238","K"
"Rv0239","S"
"Rv0240","R"
"Rv0241c","I"
"Rv0242c","R"
"Rv0243","I"
"Rv0244c","I"
"Rv0245","R"
"Rv0246","S"
"Rv0247c","C"
"Rv0248c","C"
"Rv0249c","S"
"Rv0250c","S"
"Rv0251c","O"
"Rv0252","C"
"Rv0253","R"
"Rv0254c","H"
"Rv0255c","H"
"Rv0256c","S"
"Rv0257","S"
"Rv0258c","S"
"Rv0259c","S"
"Rv0260c","K"
"Rv0260c","H"
"Rv0261c","P"
"Rv0262c","R"
"Rv0263c","E"
"Rv0264c","E"
"Rv0265c","P"
"Rv0266c","Q"
"Rv0266c","Q"
"Rv0267","P"
"Rv0268c","D"
"Rv0269c","L"
"Rv0270","Q"
"Rv0271c","I"
"Rv0272c","S"
"Rv0273c","K"
"Rv0274","E"
"Rv0275c","K"
"Rv0276","S"
"Rv0277c","S"
"Rv0278c","S"
"Rv0279c","S"
"Rv0280","S"
"Rv0281","Q"
"Rv0282","O"
"Rv0283","S"
"Rv0284","D"
"Rv0285","S"
"Rv0286","S"
"Rv0287","S"
"Rv0288","S"
"Rv0289","S"
"Rv0290","S"
"Rv0291","O"
"Rv0292","S"
"Rv0293c","R"
"Rv0294","R"
"Rv0295c","S"
"Rv0296c","P"
"Rv0297","S"
"Rv0298","S"
"Rv0299","J"
"Rv0300","S"
"Rv0301","R"
"Rv0302","K"
"Rv0303","R"
"Rv0304c","S"
"Rv0305c","S"
"Rv0306","C"
"Rv0307c","S"
"Rv0308","I"
"Rv0309","S"
"Rv0310c","S"
"Rv0311","S"
"Rv0312","O"
"Rv0313","S"
"Rv0314c","S"
"Rv0315","G"
"Rv0316","Q"
"Rv0317c","C"
"Rv0318c","P"
"Rv0319","O"
"Rv0320","S"
"Rv0321","F"
"Rv0322","M"
"Rv0323c","S"
"Rv0324","P"
"Rv0324","K"
"Rv0325","R"
"Rv0326","R"
"Rv0327c","Q"
"Rv0328","K"
"Rv0329c","R"
"Rv0330c","K"
"Rv0331","R"
"Rv0332","S"
"Rv0333","S"
"Rv0334","M"
"Rv0335c","S"
"Rv0336","S"
"Rv0337c","E"
"Rv0338c","C"
"Rv0339c","K"
"Rv0339c","K"
"Rv0340","S"
"Rv0341","S"
"Rv0342","R"
"Rv0343","R"
"Rv0344c","S"
"Rv0345","R"
"Rv0346c","E"
"Rv0347","S"
"Rv0348","K"
"Rv0349","S"
"Rv0350","O"
"Rv0351","O"
"Rv0352","O"
"Rv0353","K"
"Rv0354c","S"
"Rv0355c","S"
"Rv0356c","Q"
"Rv0357c","F"
"Rv0358","S"
"Rv0359","R"
"Rv0360c","S"
"Rv0361","S"
"Rv0362","P"
"Rv0363c","G"
"Rv0364","S"
"Rv0365c","G"
"Rv0366c","S"
"Rv0367c","S"
"Rv0368c","R"
"Rv0369c","S"
"Rv0370c","R"
"Rv0371c","R"
"Rv0372c","O"
"Rv0373c","C"
"Rv0374c","C"
"Rv0375c","C"
"Rv0376c","O"
"Rv0377","K"
"Rv0378","S"
"Rv0379","S"
"Rv0380c","J"
"Rv0381c","S"
"Rv0382c","F"
"Rv0383c","S"
"Rv0384c","O"
"Rv0385","C"
"Rv0385","C"
"Rv0386","T"
"Rv0386","K"
"Rv0386","R"
"Rv0387c","S"
"Rv0388c","S"
"Rv0389","F"
"Rv0390","P"
"Rv0391","E"
"Rv0392c","C"
"Rv0393","S"
"Rv0394c","S"
"Rv0395","S"
"Rv0396","S"
"Rv0397","S"
"Rv0397A","S"
"Rv0398c","S"
"Rv0399c","V"
"Rv0400c","I"
"Rv0401","S"
"Rv0402c","R"
"Rv0403c","S"
"Rv0404","Q"
"Rv0405","Q"
"Rv0406c","R"
"Rv0407","C"
"Rv0408","C"
"Rv0408","R"
"Rv0409","C"
"Rv0410c","L"
"Rv0411c","T"
"Rv0412c","S"
"Rv0413","R"
"Rv0414c","H"
"Rv0415","E"
"Rv0416","H"
"Rv0417","H"
"Rv0418","R"
"Rv0419","R"
"Rv0420c","S"
"Rv0421c","R"
"Rv0422c","H"
"Rv0423c","H"
"Rv0424c","S"
"Rv0425c","P"
"Rv0426c","S"
"Rv0427c","L"
"Rv0428c","R"
"Rv0429c","J"
"Rv0430","S"
"Rv0431","S"
"Rv0432","P"
"Rv0433","S"
"Rv0434","R"
"Rv0435c","O"
"Rv0436c","I"
"Rv0437c","I"
"Rv0438c","H"
"Rv0439c","R"
"Rv0440","O"
"Rv0441c","S"
"Rv0442c","S"
"Rv0443","S"
"Rv0444c","S"
"Rv0445c","K"
"Rv0446c","S"
"Rv0447c","M"
"Rv0448c","S"
"Rv0449c","R"
"Rv0450c","R"
"Rv0451c","S"
"Rv0452","K"
"Rv0453","S"
"Rv0454","J"
"Rv0455c","S"
"Rv0456A","T"
"Rv0456B","S"
"Rv0456c","I"
"Rv0457c","E"
"Rv0458","C"
"Rv0459","S"
"Rv0460","S"
"Rv0461","S"
"Rv0462","C"
"Rv0463","S"
"Rv0464c","S"
"Rv0465c","K"
"Rv0465c","R"
"Rv0466","I"
"Rv0467","C"
"Rv0468","I"
"Rv0469","M"
"Rv0470A","H"
"Rv0470c","M"
"Rv0471c","S"
"Rv0472c","K"
"Rv0473","S"
"Rv0474","K"
"Rv0475","S"
"Rv0476","S"
"Rv0477","S"
"Rv0478","F"
"Rv0479c","S"
"Rv0480c","R"
"Rv0481c","S"
"Rv0482","M"
"Rv0483","S"
"Rv0484c","R"
"Rv0485","G"
"Rv0486","M"
"Rv0487","S"
"Rv0488","R"
"Rv0489","G"
"Rv0490","T"
"Rv0491","K"
"Rv0492A","S"
"Rv0492c","E"
"Rv0493c","S"
"Rv0494","K"
"Rv0495c","S"
"Rv0496","P"
"Rv0497","S"
"Rv0498","G"
"Rv0499","C"
"Rv0500","E"
"Rv0500A","P"
"Rv0500B","S"
"Rv0501","G"
"Rv0502","I"
"Rv0503c","M"
"Rv0504c","S"
"Rv0505c","E"
"Rv0506","S"
"Rv0507","R"
"Rv0508","C"
"Rv0509","H"
"Rv0510","H"
"Rv0511","H"
"Rv0511","H"
"Rv0512","H"
"Rv0513","S"
"Rv0514","S"
"Rv0515","S"
"Rv0516c","T"
"Rv0517","I"
"Rv0518","O"
"Rv0519c","R"
"Rv0520","R"
"Rv0521","S"
"Rv0522","E"
"Rv0523c","S"
"Rv0524","H"
"Rv0525","G"
"Rv0526","C"
"Rv0527","O"
"Rv0528","O"
"Rv0529","O"
"Rv0530","D"
"Rv0530A","S"
"Rv0531","S"
"Rv0532","S"
"Rv0533c","I"
"Rv0534c","H"
"Rv0535","F"
"Rv0536","G"
"Rv0537c","S"
"Rv0538","S"
"Rv0539","M"
"Rv0540","S"
"Rv0541c","S"
"Rv0542c","Q"
"Rv0543c","S"
"Rv0544c","S"
"Rv0545c","P"
"Rv0546c","E"
"Rv0547c","R"
"Rv0548c","H"
"Rv0549c","R"
"Rv0550c","R"
"Rv0551c","Q"
"Rv0552","R"
"Rv0553","R"
"Rv0554","R"
"Rv0555","H"
"Rv0556","S"
"Rv0557","M"
"Rv0558","H"
"Rv0559c","S"
"Rv0560c","R"
"Rv0561c","C"
"Rv0562","H"
"Rv0563","O"
"Rv0564c","C"
"Rv0565c","P"
"Rv0566c","S"
"Rv0567","R"
"Rv0568","Q"
"Rv0569","S"
"Rv0570","F"
"Rv0571c","R"
"Rv0571c","R"
"Rv0571c","I"
"Rv0572c","S"
"Rv0573c","H"
"Rv0574c","M"
"Rv0575c","C"
"Rv0576","K"
"Rv0576","S"
"Rv0577","R"
"Rv0578c","S"
"Rv0579","S"
"Rv0580c","S"
"Rv0581","S"
"Rv0582","R"
"Rv0583c","S"
"Rv0584","G"
"Rv0585c","S"
"Rv0585c","T"
"Rv0586","K"
"Rv0587","Q"
"Rv0588","Q"
"Rv0589","Q"
"Rv0590","Q"
"Rv0590A","S"
"Rv0591","Q"
"Rv0592","Q"
"Rv0593","Q"
"Rv0594","Q"
"Rv0595c","R"
"Rv0596c","D"
"Rv0597c","R"
"Rv0598c","S"
"Rv0599c","K"
"Rv0600c","T"
"Rv0601c","T"
"Rv0602c","K"
"Rv0603","S"
"Rv0604","S"
"Rv0605","L"
"Rv0606","L"
"Rv0607","S"
"Rv0608","S"
"Rv0609","S"
"Rv0609A","S"
"Rv0610c","S"
"Rv0611c","S"
"Rv0612","S"
"Rv0613c","U"
"Rv0614","S"
"Rv0615","S"
"Rv0616A","S"
"Rv0616c","S"
"Rv0617","R"
"Rv0618","C"
"Rv0619","C"
"Rv0620","G"
"Rv0621","G"
"Rv0622","S"
"Rv0623","S"
"Rv0624","S"
"Rv0625c","S"
"Rv0626","D"
"Rv0627","R"
"Rv0628c","S"
"Rv0629c","L"
"Rv0630c","L"
"Rv0630c","L"
"Rv0631c","L"
"Rv0632c","I"
"Rv0633c","S"
"Rv0634A","S"
"Rv0634B","J"
"Rv0634c","R"
"Rv0635","S"
"Rv0636","I"
"Rv0637","S"
"Rv0638","U"
"Rv0639","K"
"Rv0640","J"
"Rv0641","J"
"Rv0642c","M"
"Rv0643c","M"
"Rv0644c","M"
"Rv0645c","M"
"Rv0646c","R"
"Rv0647c","R"
"Rv0648","G"
"Rv0649","S"
"Rv0650","G"
"Rv0651","J"
"Rv0652","J"
"Rv0653c","K"
"Rv0654","Q"
"Rv0655","Q"
"Rv0656c","S"
"Rv0657c","K"
"Rv0658c","R"
"Rv0659c","T"
"Rv0660c","S"
"Rv0661c","S"
"Rv0662c","S"
"Rv0663","P"
"Rv0664","S"
"Rv0665","S"
"Rv0666","S"
"Rv0667","K"
"Rv0668","K"
"Rv0669c","S"
"Rv0670","L"
"Rv0671","Q"
"Rv0672","I"
"Rv0673","I"
"Rv0674","K"
"Rv0675","I"
"Rv0676c","R"
"Rv0677c","O"
"Rv0678","S"
"Rv0679c","S"
"Rv0680c","S"
"Rv0681","K"
"Rv0682","J"
"Rv0683","J"
"Rv0684","J"
"Rv0685","J"
"Rv0686","S"
"Rv0687","R"
"Rv0688","R"
"Rv0689c","S"
"Rv0690c","S"
"Rv0691A","S"
"Rv0691c","K"
"Rv0692","S"
"Rv0693","R"
"Rv0694","C"
"Rv0695","R"
"Rv0696","M"
"Rv0697","E"
"Rv0698","S"
"Rv0699","S"
"Rv0700","J"
"Rv0701","J"
"Rv0702","J"
"Rv0703","J"
"Rv0704","J"
"Rv0705","J"
"Rv0706","J"
"Rv0707","J"
"Rv0708","J"
"Rv0709","J"
"Rv0710","J"
"Rv0711","P"
"Rv0712","S"
"Rv0713","S"
"Rv0714","J"
"Rv0715","J"
"Rv0716","J"
"Rv0717","J"
"Rv0718","J"
"Rv0719","J"
"Rv0720","J"
"Rv0721","J"
"Rv0722","J"
"Rv0723","J"
"Rv0724","U"
"Rv0724A","S"
"Rv0725c","Q"
"Rv0726c","Q"
"Rv0727c","G"
"Rv0728c","E"
"Rv0729","G"
"Rv0730","S"
"Rv0731c","Q"
"Rv0732","U"
"Rv0733","F"
"Rv0734","J"
"Rv0735","K"
"Rv0736","K"
"Rv0737","K"
"Rv0738","S"
"Rv0739","S"
"Rv0740","S"
"Rv0741","L"
"Rv0742","S"
"Rv0743c","S"
"Rv0744c","S"
"Rv0745","S"
"Rv0746","S"
"Rv0747","S"
"Rv0748","S"
"Rv0749","S"
"Rv0749A","S"
"Rv0750","S"
"Rv0751c","I"
"Rv0752c","I"
"Rv0753c","C"
"Rv0754","G"
"Rv0755A","L"
"Rv0755c","S"
"Rv0756c","H"
"Rv0757","K"
"Rv0758","T"
"Rv0759c","R"
"Rv0760c","S"
"Rv0761c","C"
"Rv0762c","S"
"Rv0763c","C"
"Rv0764c","Q"
"Rv0765c","R"
"Rv0766c","Q"
"Rv0767c","S"
"Rv0768","C"
"Rv0769","R"
"Rv0770","I"
"Rv0771","S"
"Rv0772","F"
"Rv0773c","E"
"Rv0774c","R"
"Rv0775","S"
"Rv0776c","S"
"Rv0777","F"
"Rv0778","Q"
"Rv0779c","V"
"Rv0780","F"
"Rv0781","E"
"Rv0782","E"
"Rv0783c","R"
"Rv0784","R"
"Rv0785","R"
"Rv0786c","R"
"Rv0787","F"
"Rv0787A","F"
"Rv0788","F"
"Rv0789c","S"
"Rv0790c","E"
"Rv0791c","C"
"Rv0792c","K"
"Rv0793","S"
"Rv0794c","C"
"Rv0795","L"
"Rv0796","L"
"Rv0797","L"
"Rv0798c","S"
"Rv0799c","P"
"Rv0800","E"
"Rv0801","S"
"Rv0802c","J"
"Rv0803","F"
"Rv0804","R"
"Rv0805","R"
"Rv0806c","S"
"Rv0807","S"
"Rv0808","F"
"Rv0809","F"
"Rv0810c","S"
"Rv0811c","R"
"Rv0812","H"
"Rv0813c","S"
"Rv0814c","S"
"Rv0815c","P"
"Rv0816c","C"
"Rv0817c","S"
"Rv0818","K"
"Rv0819","R"
"Rv0820","P"
"Rv0821c","P"
"Rv0822c","K"
"Rv0823c","J"
"Rv0824c","S"
"Rv0825c","K"
"Rv0826","S"
"Rv0827c","K"
"Rv0828c","J"
"Rv0829","L"
"Rv0830","Q"
"Rv0831c","S"
"Rv0832","S"
"Rv0833","S"
"Rv0834c","S"
"Rv0835","S"
"Rv0836c","S"
"Rv0837c","S"
"Rv0838","M"
"Rv0839","R"
"Rv0840c","R"
"Rv0841","R"
"Rv0842","S"
"Rv0843","C"
"Rv0844c","K"
"Rv0845","T"
"Rv0846c","Q"
"Rv0847","S"
"Rv0848","E"
"Rv0849","R"
"Rv0850","L"
"Rv0851c","R"
"Rv0852","I"
"Rv0853c","R"
"Rv0854","H"
"Rv0855","C"
"Rv0856","S"
"Rv0857","S"
"Rv0858c","E"
"Rv0859","I"
"Rv0860","I"
"Rv0860","I"
"Rv0861c","L"
"Rv0862c","S"
"Rv0863","S"
"Rv0864","H"
"Rv0865","H"
"Rv0866","H"
"Rv0867c","S"
"Rv0868c","H"
"Rv0869c","H"
"Rv0870c","S"
"Rv0871","K"
"Rv0872c","S"
"Rv0873","I"
"Rv0874c","S"
"Rv0875c","S"
"Rv0876c","R"
"Rv0877","S"
"Rv0878c","S"
"Rv0879c","S"
"Rv0880","K"
"Rv0881","J"
"Rv0882","S"
"Rv0883c","S"
"Rv0884c","E"
"Rv0885","S"
"Rv0886","R"
"Rv0886","C"
"Rv0887c","S"
"Rv0888","S"
"Rv0889c","C"
"Rv0890c","K"
"Rv0890c","R"
"Rv0891c","T"
"Rv0892","P"
"Rv0893c","Q"
"Rv0894","R"
"Rv0895","Q"
"Rv0896","C"
"Rv0897c","Q"
"Rv0898c","S"
"Rv0899","M"
"Rv0900","S"
"Rv0901","S"
"Rv0902c","T"
"Rv0903c","K"
"Rv0904c","I"
"Rv0904c","I"
"Rv0905","I"
"Rv0906","R"
"Rv0907","V"
"Rv0908","P"
"Rv0909","S"
"Rv0910","S"
"Rv0911","R"
"Rv0912","S"
"Rv0913c","Q"
"Rv0914c","I"
"Rv0915c","S"
"Rv0916c","S"
"Rv0917","M"
"Rv0918","S"
"Rv0919","R"
"Rv0920c","L"
"Rv0921","L"
"Rv0922","L"
"Rv0923c","S"
"Rv0923c","R"
"Rv0924c","P"
"Rv0925c","R"
"Rv0926c","S"
"Rv0927c","R"
"Rv0928","P"
"Rv0929","P"
"Rv0930","P"
"Rv0931c","L"
"Rv0931c","S"
"Rv0932c","P"
"Rv0933","P"
"Rv0934","P"
"Rv0935","P"
"Rv0936","P"
"Rv0937c","S"
"Rv0938","L"
"Rv0938","L"
"Rv0939","Q"
"Rv0939","R"
"Rv0940c","C"
"Rv0941c","S"
"Rv0942","S"
"Rv0943c","P"
"Rv0944","L"
"Rv0945","R"
"Rv0946c","G"
"Rv0948c","E"
"Rv0949","L"
"Rv0950c","M"
"Rv0951","C"
"Rv0952","C"
"Rv0953c","C"
"Rv0954","S"
"Rv0955","S"
"Rv0956","F"
"Rv0957","F"
"Rv0958","H"
"Rv0959","R"
"Rv0959A","S"
"Rv0960","R"
"Rv0961","S"
"Rv0962c","C"
"Rv0962c","E"
"Rv0963c","S"
"Rv0964c","S"
"Rv0965c","S"
"Rv0966c","S"
"Rv0967","S"
"Rv0968","S"
"Rv0969","P"
"Rv0970","S"
"Rv0971c","I"
"Rv0972c","I"
"Rv0973c","I"
"Rv0973c","I"
"Rv0973c","I"
"Rv0974c","I"
"Rv0975c","I"
"Rv0976c","S"
"Rv0977","S"
"Rv0978c","S"
"Rv0979A","S"
"Rv0979c","S"
"Rv0980c","S"
"Rv0981","K"
"Rv0982","T"
"Rv0983","O"
"Rv0984","H"
"Rv0985c","M"
"Rv0986","V"
"Rv0987","V"
"Rv0988","R"
"Rv0989c","H"
"Rv0990c","S"
"Rv0991c","S"
"Rv0992c","H"
"Rv0993","M"
"Rv0994","H"
"Rv0995","J"
"Rv0996","S"
"Rv0997","S"
"Rv0998","R"
"Rv0998","T"
"Rv0999","S"
"Rv1000c","L"
"Rv1001","E"
"Rv1002c","O"
"Rv1003","R"
"Rv1004c","S"
"Rv1005c","H"
"Rv1006","S"
"Rv1007c","J"
"Rv1008","L"
"Rv1009","S"
"Rv1010","J"
"Rv1011","I"
"Rv1012","S"
"Rv1013","Q"
"Rv1014c","J"
"Rv1015c","J"
"Rv1016c","S"
"Rv1017c","E"
"Rv1018c","M"
"Rv1019","K"
"Rv1020","K"
"Rv1021","R"
"Rv1022","M"
"Rv1023","G"
"Rv1024","D"
"Rv1025","S"
"Rv1026","P"
"Rv1027c","K"
"Rv1028A","S"
"Rv1028c","T"
"Rv1029","P"
"Rv1030","P"
"Rv1031","P"
"Rv1032c","T"
"Rv1033c","K"
"Rv1034c","L"
"Rv1035c","S"
"Rv1036c","S"
"Rv1037c","S"
"Rv1038c","S"
"Rv1039c","S"
"Rv1040c","S"
"Rv1041c","L"
"Rv1042c","L"
"Rv1043c","O"
"Rv1044","S"
"Rv1045","S"
"Rv1046c","S"
"Rv1047","L"
"Rv1048c","S"
"Rv1049","K"
"Rv1050","R"
"Rv1051c","S"
"Rv1052","S"
"Rv1053c","S"
"Rv1054","S"
"Rv1055","S"
"Rv1056","S"
"Rv1057","S"
"Rv1058","Q"
"Rv1059","E"
"Rv1059","S"
"Rv1060","S"
"Rv1061","R"
"Rv1062","R"
"Rv1063c","R"
"Rv1064c","S"
"Rv1065","S"
"Rv1066","P"
"Rv1067c","S"
"Rv1068c","S"
"Rv1069c","S"
"Rv1070c","I"
"Rv1071c","I"
"Rv1072","S"
"Rv1073","S"
"Rv1074c","I"
"Rv1075c","E"
"Rv1076","I"
"Rv1077","E"
"Rv1077","R"
"Rv1078","S"
"Rv1079","E"
"Rv1080c","K"
"Rv1081c","S"
"Rv1082","S"
"Rv1083","S"
"Rv1084","O"
"Rv1085c","R"
"Rv1086","I"
"Rv1087","S"
"Rv1087A","I"
"Rv1088","S"
"Rv1089","S"
"Rv1089A","S"
"Rv1090","S"
"Rv1091","S"
"Rv1092c","H"
"Rv1093","E"
"Rv1094","S"
"Rv1095","T"
"Rv1096","G"
"Rv1097c","S"
"Rv1098c","C"
"Rv1099c","G"
"Rv1100","S"
"Rv1101c","R"
"Rv1102c","T"
"Rv1103c","S"
"Rv1104","I"
"Rv1105","I"
"Rv1106c","G"
"Rv1107c","L"
"Rv1108c","L"
"Rv1109c","S"
"Rv1110","M"
"Rv1111c","S"
"Rv1112","J"
"Rv1113","S"
"Rv1114","R"
"Rv1115","M"
"Rv1116","S"
"Rv1116A","S"
"Rv1117","S"
"Rv1118c","S"
"Rv1119c","S"
"Rv1120c","T"
"Rv1121","G"
"Rv1122","G"
"Rv1123c","R"
"Rv1124","R"
"Rv1125","E"
"Rv1126c","S"
"Rv1127c","G"
"Rv1128c","S"
"Rv1129c","K"
"Rv1129c","R"
"Rv1130","R"
"Rv1131","C"
"Rv1132","S"
"Rv1133c","E"
"Rv1134","S"
"Rv1135A","I"
"Rv1135c","S"
"Rv1136","I"
"Rv1137c","S"
"Rv1138c","C"
"Rv1139c","S"
"Rv1140","R"
"Rv1141c","I"
"Rv1142c","I"
"Rv1143","C"
"Rv1144","R"
"Rv1145","R"
"Rv1146","R"
"Rv1147","R"
"Rv1148c","S"
"Rv1149","L"
"Rv1151c","K"
"Rv1152","K"
"Rv1153c","Q"
"Rv1154c","S"
"Rv1155","S"
"Rv1156","L"
"Rv1157c","S"
"Rv1158c","S"
"Rv1159","S"
"Rv1159A","H"
"Rv1160","R"
"Rv1161","C"
"Rv1162","C"
"Rv1163","C"
"Rv1164","C"
"Rv1165","T"
"Rv1166","E"
"Rv1167c","K"
"Rv1168c","S"
"Rv1169c","S"
"Rv1170","S"
"Rv1171","S"
"Rv1172c","S"
"Rv1173","R"
"Rv1174c","S"
"Rv1175c","R"
"Rv1175c","C"
"Rv1176c","K"
"Rv1177","C"
"Rv1178","E"
"Rv1179c","L"
"Rv1180","Q"
"Rv1181","Q"
"Rv1182","Q"
"Rv1183","R"
"Rv1184c","R"
"Rv1185c","Q"
"Rv1186c","Q"
"Rv1187","C"
"Rv1188","E"
"Rv1189","K"
"Rv1190","R"
"Rv1191","R"
"Rv1192","R"
"Rv1193","Q"
"Rv1194c","Q"
"Rv1195","S"
"Rv1196","S"
"Rv1197","S"
"Rv1198","S"
"Rv1199c","L"
"Rv1200","R"
"Rv1201c","E"
"Rv1202","E"
"Rv1203c","S"
"Rv1204c","R"
"Rv1205","R"
"Rv1206","Q"
"Rv1207","H"
"Rv1208","M"
"Rv1209","S"
"Rv1210","L"
"Rv1211","S"
"Rv1212c","M"
"Rv1213","G"
"Rv1214c","S"
"Rv1215c","R"
"Rv1216c","O"
"Rv1217c","M"
"Rv1218c","V"
"Rv1219c","K"
"Rv1220c","R"
"Rv1221","K"
"Rv1222","S"
"Rv1223","O"
"Rv1224","U"
"Rv1225c","G"
"Rv1226c","S"
"Rv1227c","S"
"Rv1228","S"
"Rv1229c","D"
"Rv1230c","M"
"Rv1231c","S"
"Rv1232c","P"
"Rv1233c","S"
"Rv1234","S"
"Rv1235","G"
"Rv1236","G"
"Rv1237","G"
"Rv1238","G"
"Rv1239c","P"
"Rv1240","C"
"Rv1241","S"
"Rv1242","S"
"Rv1243c","S"
"Rv1244","M"
"Rv1245c","R"
"Rv1246c","D"
"Rv1247c","D"
"Rv1248c","C"
"Rv1248c","C"
"Rv1249c","S"
"Rv1250","R"
"Rv1251c","L"
"Rv1251c","R"
"Rv1252c","S"
"Rv1253","J"
"Rv1254","I"
"Rv1255c","K"
"Rv1256c","Q"
"Rv1257c","C"
"Rv1258c","R"
"Rv1259","L"
"Rv1260","C"
"Rv1261c","S"
"Rv1262c","R"
"Rv1263","J"
"Rv1264","T"
"Rv1265","S"
"Rv1266c","L"
"Rv1267c","T"
"Rv1267c","T"
"Rv1268c","S"
"Rv1269c","S"
"Rv1270c","S"
"Rv1271c","S"
"Rv1272c","V"
"Rv1273c","V"
"Rv1274","S"
"Rv1275","S"
"Rv1276c","T"
"Rv1277","L"
"Rv1278","L"
"Rv1278","S"
"Rv1279","E"
"Rv1280c","E"
"Rv1281c","R"
"Rv1282c","P"
"Rv1283c","P"
"Rv1284","P"
"Rv1285","H"
"Rv1286","P"
"Rv1286","P"
"Rv1287","K"
"Rv1288","R"
"Rv1288","M"
"Rv1289","S"
"Rv1290A","S"
"Rv1290c","S"
"Rv1291c","S"
"Rv1292","J"
"Rv1293","E"
"Rv1294","E"
"Rv1295","E"
"Rv1296","E"
"Rv1297","K"
"Rv1298","J"
"Rv1299","J"
"Rv1300","J"
"Rv1301","J"
"Rv1302","M"
"Rv1303","S"
"Rv1304","C"
"Rv1305","C"
"Rv1306","C"
"Rv1307","C"
"Rv1307","C"
"Rv1308","C"
"Rv1309","C"
"Rv1310","C"
"Rv1311","C"
"Rv1312","S"
"Rv1313c","L"
"Rv1314c","S"
"Rv1315","M"
"Rv1316c","L"
"Rv1317c","L"
"Rv1317c","F"
"Rv1318c","T"
"Rv1319c","T"
"Rv1320c","T"
"Rv1321","L"
"Rv1322","S"
"Rv1322A","E"
"Rv1323","I"
"Rv1324","O"
"Rv1325c","S"
"Rv1326c","G"
"Rv1327c","G"
"Rv1328","G"
"Rv1329c","L"
"Rv1330c","H"
"Rv1331","S"
"Rv1332","S"
"Rv1333","Q"
"Rv1334","R"
"Rv1335","H"
"Rv1336","E"
"Rv1337","R"
"Rv1338","M"
"Rv1339","R"
"Rv1340","J"
"Rv1341","F"
"Rv1342c","S"
"Rv1343c","K"
"Rv1344","Q"
"Rv1345","Q"
"Rv1346","I"
"Rv1347c","J"
"Rv1348","V"
"Rv1348","P"
"Rv1349","V"
"Rv1350","R"
"Rv1351","S"
"Rv1352","S"
"Rv1353c","K"
"Rv1354c","T"
"Rv1354c","T"
"Rv1355c","H"
"Rv1356c","S"
"Rv1357c","T"
"Rv1358","T"
"Rv1358","K"
"Rv1358","R"
"Rv1359","T"
"Rv1360","C"
"Rv1361c","S"
"Rv1362c","S"
"Rv1363c","S"
"Rv1364c","T"
"Rv1364c","T"
"Rv1364c","K"
"Rv1365c","T"
"Rv1366","S"
"Rv1366A","S"
"Rv1367c","V"
"Rv1368","S"
"Rv1369c","L"
"Rv1370c","L"
"Rv1371","S"
"Rv1372","Q"
"Rv1373","S"
"Rv1374c","S"
"Rv1375","S"
"Rv1376","S"
"Rv1377c","R"
"Rv1378c","V"
"Rv1379","F"
"Rv1380","F"
"Rv1381","F"
"Rv1382","S"
"Rv1383","F"
"Rv1384","F"
"Rv1385","F"
"Rv1386","S"
"Rv1387","S"
"Rv1388","S"
"Rv1389","F"
"Rv1390","K"
"Rv1391","H"
"Rv1392","H"
"Rv1393c","P"
"Rv1394c","Q"
"Rv1395","K"
"Rv1396c","S"
"Rv1397c","R"
"Rv1398c","S"
"Rv1399c","I"
"Rv1400c","I"
"Rv1401","S"
"Rv1402","L"
"Rv1403c","R"
"Rv1404","K"
"Rv1405c","R"
"Rv1406","J"
"Rv1407","J"
"Rv1408","G"
"Rv1409","H"
"Rv1409","H"
"Rv1410c","R"
"Rv1411c","S"
"Rv1412","H"
"Rv1413","E"
"Rv1414","E"
"Rv1415","H"
"Rv1415","H"
"Rv1416","H"
"Rv1417","S"
"Rv1418","S"
"Rv1419","S"
"Rv1420","L"
"Rv1421","R"
"Rv1422","S"
"Rv1423","S"
"Rv1424c","S"
"Rv1425","S"
"Rv1426c","I"
"Rv1427c","Q"
"Rv1428c","I"
"Rv1429","Q"
"Rv1430","S"
"Rv1431","S"
"Rv1432","Q"
"Rv1433","S"
"Rv1434","S"
"Rv1435c","S"
"Rv1436","G"
"Rv1437","G"
"Rv1438","G"
"Rv1439c","S"
"Rv1440","U"
"Rv1441c","S"
"Rv1442","C"
"Rv1443c","S"
"Rv1444c","L"
"Rv1445c","G"
"Rv1446c","G"
"Rv1447c","G"
"Rv1448c","G"
"Rv1449c","G"
"Rv1450c","S"
"Rv1451","O"
"Rv1452c","S"
"Rv1453","Q"
"Rv1454c","R"
"Rv1455","S"
"Rv1456c","O"
"Rv1457c","V"
"Rv1458c","V"
"Rv1459c","S"
"Rv1460","K"
"Rv1461","O"
"Rv1461","L"
"Rv1462","O"
"Rv1463","O"
"Rv1464","E"
"Rv1465","C"
"Rv1466","R"
"Rv1467c","I"
"Rv1468c","S"
"Rv1469","P"
"Rv1470","C"
"Rv1471","C"
"Rv1472","I"
"Rv1473","R"
"Rv1473A","S"
"Rv1474c","K"
"Rv1475c","C"
"Rv1476","S"
"Rv1477","M"
"Rv1478","M"
"Rv1479","R"
"Rv1480","R"
"Rv1481","R"
"Rv1482c","S"
"Rv1483","R"
"Rv1484","I"
"Rv1485","H"
"Rv1486c","S"
"Rv1487","U"
"Rv1488","O"
"Rv1489","S"
"Rv1489A","I"
"Rv1490","S"
"Rv1491c","S"
"Rv1492","I"
"Rv1492","I"
"Rv1493","I"
"Rv1493","I"
"Rv1494","S"
"Rv1495","T"
"Rv1496","E"
"Rv1497","V"
"Rv1498A","S"
"Rv1498c","R"
"Rv1499","S"
"Rv1500","M"
"Rv1501","Q"
"Rv1502","G"
"Rv1503c","M"
"Rv1504c","M"
"Rv1505c","R"
"Rv1506c","R"
"Rv1507A","S"
"Rv1507c","S"
"Rv1508A","M"
"Rv1508c","S"
"Rv1509","R"
"Rv1510","S"
"Rv1511","M"
"Rv1512","G"
"Rv1513","R"
"Rv1514c","M"
"Rv1515c","R"
"Rv1516c","M"
"Rv1517","S"
"Rv1518","M"
"Rv1519","S"
"Rv1520","M"
"Rv1521","Q"
"Rv1522c","R"
"Rv1523","R"
"Rv1524","C"
"Rv1525","R"
"Rv1526c","C"
"Rv1527c","Q"
"Rv1528c","S"
"Rv1529","Q"
"Rv1530","R"
"Rv1531","S"
"Rv1532c","Q"
"Rv1533","R"
"Rv1534","K"
"Rv1535","S"
"Rv1536","J"
"Rv1537","L"
"Rv1538c","J"
"Rv1539","U"
"Rv1540","J"
"Rv1541c","R"
"Rv1541c","S"
"Rv1542c","R"
"Rv1543","R"
"Rv1544","R"
"Rv1545","S"
"Rv1546","S"
"Rv1547","L"
"Rv1548c","S"
"Rv1549","I"
"Rv1550","I"
"Rv1551","I"
"Rv1552","C"
"Rv1553","C"
"Rv1554","C"
"Rv1555","S"
"Rv1556","K"
"Rv1557","R"
"Rv1558","S"
"Rv1559","E"
"Rv1560","K"
"Rv1561","R"
"Rv1562c","G"
"Rv1563c","G"
"Rv1564c","G"
"Rv1565c","I"
"Rv1566c","M"
"Rv1567c","S"
"Rv1568","H"
"Rv1569","H"
"Rv1570","H"
"Rv1571","S"
"Rv1572c","S"
"Rv1573","S"
"Rv1574","S"
"Rv1575","S"
"Rv1576c","R"
"Rv1577c","R"
"Rv1578c","L"
"Rv1579c","S"
"Rv1580c","S"
"Rv1581c","S"
"Rv1582c","R"
"Rv1583c","S"
"Rv1584c","S"
"Rv1585c","S"
"Rv1586c","L"
"Rv1587c","S"
"Rv1588c","S"
"Rv1589","H"
"Rv1590","S"
"Rv1591","S"
"Rv1592c","S"
"Rv1593c","F"
"Rv1594","H"
"Rv1595","H"
"Rv1596","H"
"Rv1597","R"
"Rv1598c","S"
"Rv1599","E"
"Rv1600","E"
"Rv1601","E"
"Rv1602","E"
"Rv1603","E"
"Rv1604","G"
"Rv1605","E"
"Rv1606","E"
"Rv1607","P"
"Rv1608c","O"
"Rv1609","H"
"Rv1610","S"
"Rv1611","E"
"Rv1612","E"
"Rv1613","E"
"Rv1614","M"
"Rv1615","S"
"Rv1616","S"
"Rv1617","G"
"Rv1618","I"
"Rv1619","S"
"Rv1620c","V"
"Rv1621c","O"
"Rv1622c","C"
"Rv1623c","C"
"Rv1624c","S"
"Rv1625c","T"
"Rv1626","T"
"Rv1627c","I"
"Rv1628c","R"
"Rv1629","L"
"Rv1629","L"
"Rv1630","J"
"Rv1631","H"
"Rv1631","S"
"Rv1632c","S"
"Rv1633","L"
"Rv1634","R"
"Rv1635c","S"
"Rv1636","T"
"Rv1637c","R"
"Rv1638","L"
"Rv1638A","T"
"Rv1639c","R"
"Rv1640c","J"
"Rv1640c","S"
"Rv1641","J"
"Rv1642","J"
"Rv1643","J"
"Rv1644","J"
"Rv1645c","S"
"Rv1646","S"
"Rv1647","T"
"Rv1648","S"
"Rv1649","J"
"Rv1650","J"
"Rv1650","R"
"Rv1651c","S"
"Rv1652","E"
"Rv1653","E"
"Rv1654","E"
"Rv1655","E"
"Rv1656","E"
"Rv1657","K"
"Rv1658","E"
"Rv1659","E"
"Rv1660","Q"
"Rv1661","Q"
"Rv1662","Q"
"Rv1663","Q"
"Rv1664","Q"
"Rv1665","Q"
"Rv1666c","Q"
"Rv1667c","R"
"Rv1668c","R"
"Rv1669","S"
"Rv1670","S"
"Rv1671","S"
"Rv1672c","R"
"Rv1673c","E"
"Rv1674c","P"
"Rv1674c","K"
"Rv1675c","T"
"Rv1676","E"
"Rv1677","C"
"Rv1678","S"
"Rv1679","I"
"Rv1680","P"
"Rv1681","R"
"Rv1682","S"
"Rv1683","Q"
"Rv1683","I"
"Rv1684","S"
"Rv1685c","K"
"Rv1686c","V"
"Rv1687c","V"
"Rv1688","L"
"Rv1689","J"
"Rv1690","S"
"Rv1691","R"
"Rv1692","G"
"Rv1693","S"
"Rv1694","J"
"Rv1695","G"
"Rv1696","L"
"Rv1697","S"
"Rv1698","S"
"Rv1699","F"
"Rv1700","R"
"Rv1701","L"
"Rv1702c","C"
"Rv1703c","R"
"Rv1704c","E"
"Rv1705c","S"
"Rv1706A","R"
"Rv1706c","S"
"Rv1707","P"
"Rv1708","D"
"Rv1709","S"
"Rv1710","K"
"Rv1711","J"
"Rv1712","F"
"Rv1713","R"
"Rv1714","R"
"Rv1715","I"
"Rv1716","R"
"Rv1717","G"
"Rv1717","S"
"Rv1718","S"
"Rv1719","K"
"Rv1720c","R"
"Rv1721c","S"
"Rv1722","I"
"Rv1723","V"
"Rv1724c","S"
"Rv1725c","K"
"Rv1726","C"
"Rv1727","S"
"Rv1728c","S"
"Rv1729c","Q"
"Rv1730c","V"
"Rv1731","C"
"Rv1732c","C"
"Rv1733c","S"
"Rv1734c","C"
"Rv1735c","P"
"Rv1736c","C"
"Rv1736c","C"
"Rv1736c","C"
"Rv1737c","P"
"Rv1738","S"
"Rv1739c","P"
"Rv1740","S"
"Rv1741","S"
"Rv1742","S"
"Rv1743","L"
"Rv1744c","S"
"Rv1745c","I"
"Rv1746","L"
"Rv1747","V"
"Rv1748","S"
"Rv1749c","S"
"Rv1750c","Q"
"Rv1751","C"
"Rv1752","R"
"Rv1753c","S"
"Rv1754c","S"
"Rv1756c","L"
"Rv1757c","L"
"Rv1758","S"
"Rv1759c","S"
"Rv1760","S"
"Rv1761c","S"
"Rv1762c","S"
"Rv1763","L"
"Rv1764","L"
"Rv1765A","L"
"Rv1765c","K"
"Rv1766","S"
"Rv1767","S"
"Rv1768","S"
"Rv1769","E"
"Rv1770","R"
"Rv1771","C"
"Rv1772","T"
"Rv1773c","K"
"Rv1774","C"
"Rv1775","S"
"Rv1776c","K"
"Rv1777","Q"
"Rv1778c","S"
"Rv1779c","S"
"Rv1780","S"
"Rv1781c","G"
"Rv1782","S"
"Rv1783","D"
"Rv1785c","Q"
"Rv1786","C"
"Rv1787","S"
"Rv1788","S"
"Rv1789","S"
"Rv1790","S"
"Rv1791","S"
"Rv1793","S"
"Rv1794","S"
"Rv1795","S"
"Rv1796","O"
"Rv1797","S"
"Rv1798","O"
"Rv1799","S"
"Rv1800","S"
"Rv1801","S"
"Rv1802","S"
"Rv1803c","S"
"Rv1804c","S"
"Rv1805c","S"
"Rv1806","S"
"Rv1807","S"
"Rv1808","S"
"Rv1809","S"
"Rv1810","S"
"Rv1811","S"
"Rv1812c","C"
"Rv1813c","S"
"Rv1814","I"
"Rv1815","S"
"Rv1816","K"
"Rv1817","C"
"Rv1818c","S"
"Rv1819c","R"
"Rv1820","H"
"Rv1821","U"
"Rv1822","I"
"Rv1823","S"
"Rv1824","S"
"Rv1825","S"
"Rv1826","E"
"Rv1827","T"
"Rv1828","K"
"Rv1829","S"
"Rv1830","K"
"Rv1831","S"
"Rv1832","E"
"Rv1832","E"
"Rv1833c","R"
"Rv1834","R"
"Rv1835c","R"
"Rv1836c","S"
"Rv1837c","C"
"Rv1838c","R"
"Rv1839c","S"
"Rv1840c","S"
"Rv1841c","R"
"Rv1842c","R"
"Rv1843c","F"
"Rv1843c","R"
"Rv1844c","G"
"Rv1845c","O"
"Rv1846c","K"
"Rv1847","Q"
"Rv1848","E"
"Rv1849","E"
"Rv1850","E"
"Rv1851","O"
"Rv1852","K"
"Rv1853","S"
"Rv1854c","C"
"Rv1855c","C"
"Rv1856c","R"
"Rv1857","P"
"Rv1858","P"
"Rv1859","P"
"Rv1859","G"
"Rv1860","S"
"Rv1861","S"
"Rv1862","R"
"Rv1863c","R"
"Rv1864c","S"
"Rv1865c","R"
"Rv1866","C"
"Rv1867","I"
"Rv1868","G"
"Rv1869c","R"
"Rv1870c","S"
"Rv1871c","S"
"Rv1872c","C"
"Rv1873","S"
"Rv1874","S"
"Rv1875","S"
"Rv1876","P"
"Rv1877","R"
"Rv1878","E"
"Rv1879","R"
"Rv1880c","Q"
"Rv1881c","S"
"Rv1882c","R"
"Rv1883c","S"
"Rv1884c","S"
"Rv1885c","E"
"Rv1886c","R"
"Rv1887","S"
"Rv1888A","Q"
"Rv1888c","S"
"Rv1889c","Q"
"Rv1890c","S"
"Rv1891","S"
"Rv1892","S"
"Rv1893","S"
"Rv1894c","R"
"Rv1895","R"
"Rv1896c","Q"
"Rv1897c","J"
"Rv1898","S"
"Rv1899c","R"
"Rv1900c","R"
"Rv1900c","T"
"Rv1901","R"
"Rv1901","R"
"Rv1902c","R"
"Rv1903","S"
"Rv1904","T"
"Rv1905c","E"
"Rv1906c","S"
"Rv1907c","S"
"Rv1908c","P"
"Rv1909c","P"
"Rv1910c","R"
"Rv1911c","R"
"Rv1912c","R"
"Rv1913","R"
"Rv1914c","S"
"Rv1915","C"
"Rv1916","C"
"Rv1917c","S"
"Rv1918c","S"
"Rv1919c","S"
"Rv1920","I"
"Rv1921c","F"
"Rv1922","V"
"Rv1923","V"
"Rv1924c","S"
"Rv1925","Q"
"Rv1926c","S"
"Rv1927","S"
"Rv1928c","R"
"Rv1929c","S"
"Rv1930c","R"
"Rv1931c","K"
"Rv1931c","K"
"Rv1932","O"
"Rv1933c","I"
"Rv1934c","I"
"Rv1935c","I"
"Rv1936","C"
"Rv1937","C"
"Rv1937","C"
"Rv1938","R"
"Rv1939","R"
"Rv1940","H"
"Rv1940","H"
"Rv1941","R"
"Rv1942c","T"
"Rv1943c","S"
"Rv1944c","U"
"Rv1945","S"
"Rv1946c","S"
"Rv1947","S"
"Rv1948c","S"
"Rv1949c","S"
"Rv1950c","S"
"Rv1951c","S"
"Rv1952","S"
"Rv1953","R"
"Rv1954A","S"
"Rv1954c","S"
"Rv1955","S"
"Rv1956","K"
"Rv1957","S"
"Rv1958c","S"
"Rv1959c","R"
"Rv1960c","K"
"Rv1961","S"
"Rv1962A","S"
"Rv1962c","R"
"Rv1963c","K"
"Rv1964","Q"
"Rv1965","Q"
"Rv1966","Q"
"Rv1967","Q"
"Rv1968","Q"
"Rv1969","Q"
"Rv1970","Q"
"Rv1971","Q"
"Rv1972","S"
"Rv1973","S"
"Rv1974","S"
"Rv1975","S"
"Rv1976c","S"
"Rv1977","O"
"Rv1978","R"
"Rv1979c","E"
"Rv1980c","S"
"Rv1981c","F"
"Rv1982A","S"
"Rv1982c","S"
"Rv1983","S"
"Rv1984c","S"
"Rv1985c","K"
"Rv1986","R"
"Rv1987","S"
"Rv1988","J"
"Rv1989c","S"
"Rv1990A","R"
"Rv1990c","K"
"Rv1991A","S"
"Rv1991c","T"
"Rv1992c","P"
"Rv1993c","S"
"Rv1994c","K"
"Rv1995","S"
"Rv1996","T"
"Rv1997","P"
"Rv1998c","G"
"Rv1999c","E"
"Rv2000","R"
"Rv2000","E"
"Rv2001","I"
"Rv2002","R"
"Rv2003c","R"
"Rv2004c","R"
"Rv2004c","S"
"Rv2005c","T"
"Rv2006","R"
"Rv2006","G"
"Rv2006","G"
"Rv2007c","C"
"Rv2008c","R"
"Rv2008c","J"
"Rv2009","K"
"Rv2010","R"
"Rv2011c","K"
"Rv2012","R"
"Rv2013","L"
"Rv2014","L"
"Rv2015c","S"
"Rv2016","S"
"Rv2017","K"
"Rv2017","E"
"Rv2018","S"
"Rv2019","S"
"Rv2020c","R"
"Rv2021c","K"
"Rv2022c","S"
"Rv2023c","S"
"Rv2024c","R"
"Rv2025c","P"
"Rv2026c","T"
"Rv2027c","T"
"Rv2027c","T"
"Rv2028c","T"
"Rv2029c","G"
"Rv2030c","R"
"Rv2030c","R"
"Rv2031c","O"
"Rv2032","C"
"Rv2033c","S"
"Rv2034","K"
"Rv2035","S"
"Rv2036","S"
"Rv2037c","R"
"Rv2038c","G"
"Rv2039c","G"
"Rv2040c","G"
"Rv2041c","G"
"Rv2042c","S"
"Rv2043c","Q"
"Rv2044c","S"
"Rv2045c","I"
"Rv2046","Q"
"Rv2047c","G"
"Rv2047c","G"
"Rv2048c","Q"
"Rv2049c","S"
"Rv2050","S"
"Rv2051c","M"
"Rv2051c","M"
"Rv2052c","R"
"Rv2053c","S"
"Rv2054","Q"
"Rv2055c","J"
"Rv2056c","J"
"Rv2057c","J"
"Rv2058c","J"
"Rv2059","P"
"Rv2060","P"
"Rv2061c","R"
"Rv2062c","H"
"Rv2063","S"
"Rv2063A","S"
"Rv2064","P"
"Rv2065","H"
"Rv2066","H"
"Rv2066","H"
"Rv2067c","R"
"Rv2068c","V"
"Rv2069","K"
"Rv2070c","H"
"Rv2071c","H"
"Rv2072c","H"
"Rv2072c","H"
"Rv2073c","R"
"Rv2074","S"
"Rv2075c","S"
"Rv2076c","S"
"Rv2077A","S"
"Rv2077c","S"
"Rv2078","S"
"Rv2079","S"
"Rv2080","S"
"Rv2081c","S"
"Rv2082","S"
"Rv2083","S"
"Rv2084","S"
"Rv2085","S"
"Rv2086","L"
"Rv2087","L"
"Rv2088","L"
"Rv2089c","E"
"Rv2090","L"
"Rv2091c","S"
"Rv2092c","L"
"Rv2093c","U"
"Rv2094c","U"
"Rv2095c","K"
"Rv2096c","K"
"Rv2097c","S"
"Rv2100","S"
"Rv2101","L"
"Rv2102","S"
"Rv2103c","R"
"Rv2103c","R"
"Rv2104c","S"
"Rv2105","L"
"Rv2106","L"
"Rv2107","S"
"Rv2108","S"
"Rv2109c","O"
"Rv2110c","O"
"Rv2111c","S"
"Rv2112c","S"
"Rv2113","S"
"Rv2114","S"
"Rv2115c","O"
"Rv2116","S"
"Rv2117","S"
"Rv2118c","J"
"Rv2119","L"
"Rv2120c","S"
"Rv2121c","E"
"Rv2122c","E"
"Rv2123","S"
"Rv2124c","E"
"Rv2124c","E"
"Rv2125","R"
"Rv2126c","S"
"Rv2127","E"
"Rv2128","S"
"Rv2129c","R"
"Rv2130c","J"
"Rv2131c","P"
"Rv2132","S"
"Rv2133c","S"
"Rv2134c","S"
"Rv2135c","G"
"Rv2136c","V"
"Rv2137c","S"
"Rv2138","S"
"Rv2139","F"
"Rv2140c","R"
"Rv2141c","E"
"Rv2142A","S"
"Rv2142c","S"
"Rv2143","R"
"Rv2144c","S"
"Rv2145c","D"
"Rv2146c","S"
"Rv2147c","S"
"Rv2148c","R"
"Rv2149c","S"
"Rv2150c","D"
"Rv2151c","M"
"Rv2152c","M"
"Rv2153c","M"
"Rv2154c","D"
"Rv2155c","M"
"Rv2156c","M"
"Rv2157c","M"
"Rv2158c","M"
"Rv2159c","S"
"Rv2160A","K"
"Rv2160c","S"
"Rv2161c","C"
"Rv2162c","S"
"Rv2163c","M"
"Rv2164c","S"
"Rv2165c","M"
"Rv2166c","S"
"Rv2167c","L"
"Rv2168c","L"
"Rv2169c","S"
"Rv2170","R"
"Rv2171","S"
"Rv2172c","S"
"Rv2173","H"
"Rv2174","S"
"Rv2175c","S"
"Rv2176","L"
"Rv2177c","L"
"Rv2178c","E"
"Rv2179c","S"
"Rv2180c","S"
"Rv2181","S"
"Rv2182c","I"
"Rv2183c","S"
"Rv2184c","P"
"Rv2185c","S"
"Rv2186c","S"
"Rv2187","I"
"Rv2188c","M"
"Rv2189c","S"
"Rv2190c","M"
"Rv2191","L"
"Rv2191","L"
"Rv2192c","E"
"Rv2193","C"
"Rv2194","C"
"Rv2195","C"
"Rv2196","C"
"Rv2197c","S"
"Rv2198c","S"
"Rv2199c","S"
"Rv2200c","C"
"Rv2201","E"
"Rv2202c","G"
"Rv2203","S"
"Rv2204c","S"
"Rv2205c","G"
"Rv2206","S"
"Rv2207","H"
"Rv2208","H"
"Rv2209","S"
"Rv2210c","H"
"Rv2211c","E"
"Rv2212","T"
"Rv2213","E"
"Rv2214c","R"
"Rv2214c","R"
"Rv2215","C"
"Rv2216","R"
"Rv2217","H"
"Rv2218","H"
"Rv2219","S"
"Rv2219A","S"
"Rv2220","E"
"Rv2221c","T"
"Rv2222c","E"
"Rv2223c","R"
"Rv2224c","R"
"Rv2225","H"
"Rv2226","S"
"Rv2227","S"
"Rv2228c","L"
"Rv2228c","G"
"Rv2229c","R"
"Rv2230c","S"
"Rv2230c","S"
"Rv2231A","S"
"Rv2231B","S"
"Rv2231c","E"
"Rv2232","R"
"Rv2234","T"
"Rv2235","S"
"Rv2236c","H"
"Rv2237","S"
"Rv2237A","S"
"Rv2238c","O"
"Rv2239c","S"
"Rv2240c","S"
"Rv2241","C"
"Rv2242","Q"
"Rv2243","I"
"Rv2244","Q"
"Rv2245","Q"
"Rv2246","Q"
"Rv2247","I"
"Rv2248","S"
"Rv2249c","C"
"Rv2250A","C"
"Rv2250c","K"
"Rv2251","C"
"Rv2252","R"
"Rv2253","S"
"Rv2254c","S"
"Rv2255c","S"
"Rv2256c","S"
"Rv2257c","V"
"Rv2258c","R"
"Rv2259","C"
"Rv2260","R"
"Rv2261c","M"
"Rv2262c","M"
"Rv2263","R"
"Rv2264c","O"
"Rv2265","R"
"Rv2266","Q"
"Rv2267c","R"
"Rv2268c","Q"
"Rv2269c","S"
"Rv2270","S"
"Rv2271","S"
"Rv2272","S"
"Rv2273","S"
"Rv2274A","S"
"Rv2274c","S"
"Rv2275","S"
"Rv2276","Q"
"Rv2277c","C"
"Rv2278","L"
"Rv2279","L"
"Rv2280","C"
"Rv2281","P"
"Rv2282c","K"
"Rv2283","S"
"Rv2284","I"
"Rv2285","S"
"Rv2286c","Q"
"Rv2287","P"
"Rv2288","S"
"Rv2289","I"
"Rv2290","S"
"Rv2291","P"
"Rv2292c","F"
"Rv2293c","F"
"Rv2294","E"
"Rv2295","S"
"Rv2296","R"
"Rv2297","S"
"Rv2298","C"
"Rv2299c","O"
"Rv2300c","R"
"Rv2301","S"
"Rv2302","S"
"Rv2303c","R"
"Rv2304c","S"
"Rv2305","S"
"Rv2306A","S"
"Rv2306A","V"
"Rv2306B","S"
"Rv2307A","S"
"Rv2307B","S"
"Rv2307D","S"
"Rv2307c","R"
"Rv2308","S"
"Rv2309A","S"
"Rv2309c","L"
"Rv2310","P"
"Rv2311","L"
"Rv2312","S"
"Rv2313c","S"
"Rv2314c","R"
"Rv2315c","R"
"Rv2316","G"
"Rv2317","G"
"Rv2318","G"
"Rv2319c","T"
"Rv2320c","E"
"Rv2321c","E"
"Rv2322c","E"
"Rv2323c","E"
"Rv2324","K"
"Rv2325c","P"
"Rv2326c","P"
"Rv2327","K"
"Rv2328","S"
"Rv2329c","P"
"Rv2330c","S"
"Rv2331","C"
"Rv2331","P"
"Rv2331A","P"
"Rv2332","C"
"Rv2333c","R"
"Rv2334","E"
"Rv2335","E"
"Rv2336","J"
"Rv2337c","S"
"Rv2338c","H"
"Rv2339","R"
"Rv2340c","S"
"Rv2341","S"
"Rv2342","S"
"Rv2343c","L"
"Rv2344c","F"
"Rv2345","S"
"Rv2346c","S"
"Rv2347c","S"
"Rv2348c","S"
"Rv2349c","M"
"Rv2350c","M"
"Rv2351c","M"
"Rv2352c","S"
"Rv2353c","S"
"Rv2354","L"
"Rv2355","L"
"Rv2356c","S"
"Rv2357c","J"
"Rv2358","K"
"Rv2359","P"
"Rv2360c","S"
"Rv2361c","I"
"Rv2362c","L"
"Rv2363","J"
"Rv2364c","R"
"Rv2365c","S"
"Rv2366c","R"
"Rv2367c","R"
"Rv2368c","T"
"Rv2369c","S"
"Rv2370c","S"
"Rv2371","S"
"Rv2372c","S"
"Rv2373c","O"
"Rv2374c","K"
"Rv2375","S"
"Rv2376c","S"
"Rv2377c","S"
"Rv2378c","Q"
"Rv2379c","Q"
"Rv2380c","Q"
"Rv2381c","Q"
"Rv2382c","Q"
"Rv2383c","Q"
"Rv2383c","Q"
"Rv2384","Q"
"Rv2385","I"
"Rv2386c","H"
"Rv2387","R"
"Rv2388c","H"
"Rv2389c","S"
"Rv2390c","S"
"Rv2391","P"
"Rv2392","H"
"Rv2393","S"
"Rv2394","E"
"Rv2395","S"
"Rv2395A","S"
"Rv2395B","S"
"Rv2396","S"
"Rv2397c","P"
"Rv2398c","P"
"Rv2399c","O"
"Rv2400c","P"
"Rv2401","S"
"Rv2401A","S"
"Rv2402","G"
"Rv2403c","S"
"Rv2404c","M"
"Rv2405","S"
"Rv2406c","R"
"Rv2407","R"
"Rv2408","S"
"Rv2409c","E"
"Rv2410c","S"
"Rv2411c","S"
"Rv2412","J"
"Rv2413c","L"
"Rv2414c","R"
"Rv2415c","L"
"Rv2416c","R"
"Rv2417c","S"
"Rv2418c","S"
"Rv2419c","G"
"Rv2420c","S"
"Rv2421c","H"
"Rv2422","S"
"Rv2423","R"
"Rv2424c","L"
"Rv2425c","R"
"Rv2426c","R"
"Rv2427c","E"
"Rv2428","O"
"Rv2429","S"
"Rv2430c","S"
"Rv2431c","S"
"Rv2432c","S"
"Rv2433c","S"
"Rv2434c","T"
"Rv2434c","M"
"Rv2435c","T"
"Rv2435c","T"
"Rv2436","G"
"Rv2437","O"
"Rv2438A","S"
"Rv2438c","H"
"Rv2438c","R"
"Rv2439c","E"
"Rv2440c","R"
"Rv2441c","J"
"Rv2442c","J"
"Rv2443","C"
"Rv2444c","J"
"Rv2445c","F"
"Rv2446c","S"
"Rv2447c","H"
"Rv2448c","J"
"Rv2449c","S"
"Rv2450c","S"
"Rv2451","S"
"Rv2452c","S"
"Rv2453c","H"
"Rv2454c","C"
"Rv2455c","C"
"Rv2455c","C"
"Rv2456c","R"
"Rv2457c","O"
"Rv2458","E"
"Rv2459","R"
"Rv2460c","U"
"Rv2461c","U"
"Rv2462c","O"
"Rv2463","V"
"Rv2464c","L"
"Rv2465c","G"
"Rv2466c","O"
"Rv2467","E"
"Rv2468A","S"
"Rv2468c","S"
"Rv2469c","V"
"Rv2470","R"
"Rv2471","G"
"Rv2472","S"
"Rv2473","S"
"Rv2474c","S"
"Rv2475c","R"
"Rv2476c","E"
"Rv2477c","R"
"Rv2478c","L"
"Rv2479c","L"
"Rv2480c","L"
"Rv2481c","S"
"Rv2482c","I"
"Rv2483c","I"
"Rv2483c","E"
"Rv2484c","S"
"Rv2485c","I"
"Rv2486","I"
"Rv2487c","S"
"Rv2488c","T"
"Rv2488c","K"
"Rv2488c","R"
"Rv2489c","S"
"Rv2490c","S"
"Rv2491","R"
"Rv2492","F"
"Rv2493","S"
"Rv2494","R"
"Rv2495c","C"
"Rv2496c","C"
"Rv2497c","C"
"Rv2498c","G"
"Rv2499c","I"
"Rv2500c","I"
"Rv2501c","I"
"Rv2502c","I"
"Rv2503c","I"
"Rv2504c","I"
"Rv2505c","Q"
"Rv2506","K"
"Rv2507","S"
"Rv2508c","R"
"Rv2509","R"
"Rv2510c","R"
"Rv2511","A"
"Rv2512c","L"
"Rv2513","S"
"Rv2514c","S"
"Rv2515c","K"
"Rv2515c","E"
"Rv2516c","S"
"Rv2517c","S"
"Rv2518c","S"
"Rv2519","S"
"Rv2520c","S"
"Rv2521","O"
"Rv2522c","E"
"Rv2523c","I"
"Rv2524c","Q"
"Rv2524c","I"
"Rv2524c","I"
"Rv2524c","I"
"Rv2524c","I"
"Rv2525c","S"
"Rv2526","S"
"Rv2527","R"
"Rv2528c","V"
"Rv2529","L"
"Rv2530A","S"
"Rv2530c","R"
"Rv2531c","E"
"Rv2532c","R"
"Rv2533c","K"
"Rv2534c","J"
"Rv2535c","E"
"Rv2536","S"
"Rv2537c","E"
"Rv2538c","E"
"Rv2539c","E"
"Rv2540c","E"
"Rv2541","O"
"Rv2542","S"
"Rv2543","S"
"Rv2544","S"
"Rv2545","S"
"Rv2546","S"
"Rv2547","S"
"Rv2548","R"
"Rv2548A","S"
"Rv2549c","R"
"Rv2550c","S"
"Rv2551c","U"
"Rv2552c","E"
"Rv2553c","R"
"Rv2554c","L"
"Rv2555c","J"
"Rv2556c","S"
"Rv2557","S"
"Rv2558","S"
"Rv2559c","L"
"Rv2560","S"
"Rv2561","E"
"Rv2562","S"
"Rv2563","V"
"Rv2564","V"
"Rv2565","T"
"Rv2565","R"
"Rv2566","E"
"Rv2566","S"
"Rv2567","S"
"Rv2567","S"
"Rv2568c","S"
"Rv2569c","E"
"Rv2570","S"
"Rv2571c","S"
"Rv2572c","J"
"Rv2573","H"
"Rv2574","S"
"Rv2575","R"
"Rv2576c","S"
"Rv2577","R"
"Rv2577","P"
"Rv2578c","L"
"Rv2579","R"
"Rv2580c","J"
"Rv2581c","R"
"Rv2582","O"
"Rv2583c","K"
"Rv2584c","F"
"Rv2585c","E"
"Rv2586c","U"
"Rv2587c","U"
"Rv2588c","U"
"Rv2589","E"
"Rv2590","I"
"Rv2590","Q"
"Rv2591","S"
"Rv2592c","L"
"Rv2593c","L"
"Rv2594c","L"
"Rv2595","K"
"Rv2596","S"
"Rv2597","S"
"Rv2598","S"
"Rv2599","M"
"Rv2600","S"
"Rv2601","R"
"Rv2601A","R"
"Rv2602","S"
"Rv2603c","S"
"Rv2604c","H"
"Rv2605c","I"
"Rv2606c","H"
"Rv2607","H"
"Rv2608","S"
"Rv2609c","S"
"Rv2610c","M"
"Rv2611c","M"
"Rv2612c","I"
"Rv2613c","R"
"Rv2614A","G"
"Rv2614c","J"
"Rv2615c","S"
"Rv2616","S"
"Rv2617c","S"
"Rv2618","K"
"Rv2619c","S"
"Rv2620c","S"
"Rv2621c","K"
"Rv2622","R"
"Rv2623","T"
"Rv2624c","T"
"Rv2625c","R"
"Rv2625c","R"
"Rv2626c","R"
"Rv2627c","S"
"Rv2628","S"
"Rv2629","L"
"Rv2629","J"
"Rv2630","S"
"Rv2631","S"
"Rv2632c","S"
"Rv2633c","S"
"Rv2634c","S"
"Rv2635","S"
"Rv2636","V"
"Rv2637","S"
"Rv2638","T"
"Rv2639c","S"
"Rv2640c","K"
"Rv2641","E"
"Rv2642","K"
"Rv2643","T"
"Rv2643","P"
"Rv2644c","S"
"Rv2645","S"
"Rv2646","L"
"Rv2647","S"
"Rv2648","L"
"Rv2649","L"
"Rv2650c","R"
"Rv2651c","R"
"Rv2652c","S"
"Rv2653c","K"
"Rv2654c","S"
"Rv2655c","S"
"Rv2656c","S"
"Rv2657c","S"
"Rv2658c","S"
"Rv2659c","L"
"Rv2660c","S"
"Rv2661c","S"
"Rv2662","S"
"Rv2663","S"
"Rv2664","S"
"Rv2665","S"
"Rv2666","L"
"Rv2667","O"
"Rv2668","S"
"Rv2669","R"
"Rv2670c","R"
"Rv2671","H"
"Rv2672","R"
"Rv2673","S"
"Rv2674","O"
"Rv2675c","R"
"Rv2676c","S"
"Rv2677c","H"
"Rv2678c","H"
"Rv2679","I"
"Rv2680","P"
"Rv2681","J"
"Rv2682c","I"
"Rv2683","R"
"Rv2684","P"
"Rv2685","P"
"Rv2686c","S"
"Rv2687c","S"
"Rv2688c","V"
"Rv2689c","J"
"Rv2690c","E"
"Rv2691","P"
"Rv2692","P"
"Rv2693c","S"
"Rv2694c","S"
"Rv2695","S"
"Rv2696c","J"
"Rv2697c","F"
"Rv2698","S"
"Rv2699c","S"
"Rv2700","S"
"Rv2701c","G"
"Rv2702","G"
"Rv2703","K"
"Rv2704","J"
"Rv2705c","S"
"Rv2706c","S"
"Rv2707","S"
"Rv2708c","S"
"Rv2709","S"
"Rv2710","K"
"Rv2711","K"
"Rv2712c","S"
"Rv2713","C"
"Rv2714","S"
"Rv2715","R"
"Rv2716","R"
"Rv2717c","S"
"Rv2718c","K"
"Rv2719c","M"
"Rv2720","T"
"Rv2721c","M"
"Rv2722","S"
"Rv2723","P"
"Rv2724c","I"
"Rv2725c","R"
"Rv2726c","E"
"Rv2727c","J"
"Rv2728c","S"
"Rv2729c","R"
"Rv2730","S"
"Rv2731","S"
"Rv2732c","S"
"Rv2733c","J"
"Rv2734","S"
"Rv2735c","S"
"Rv2736c","R"
"Rv2737A","S"
"Rv2737c","L"
"Rv2737c","L"
"Rv2738c","S"
"Rv2739c","C"
"Rv2740","Q"
"Rv2741","S"
"Rv2742c","S"
"Rv2743c","S"
"Rv2744c","T"
"Rv2745c","K"
"Rv2746c","I"
"Rv2747","E"
"Rv2748c","D"
"Rv2749","S"
"Rv2750","R"
"Rv2751","Q"
"Rv2752c","R"
"Rv2753c","M"
"Rv2754c","F"
"Rv2755c","V"
"Rv2756c","V"
"Rv2757c","R"
"Rv2758c","S"
"Rv2759c","S"
"Rv2760c","S"
"Rv2761c","V"
"Rv2762c","S"
"Rv2763c","H"
"Rv2764c","F"
"Rv2765","Q"
"Rv2766c","R"
"Rv2767c","S"
"Rv2768c","S"
"Rv2769c","S"
"Rv2770c","S"
"Rv2771c","R"
"Rv2772c","S"
"Rv2773c","E"
"Rv2774c","S"
"Rv2775","R"
"Rv2776c","C"
"Rv2777c","R"
"Rv2778c","S"
"Rv2779c","K"
"Rv2780","E"
"Rv2781c","R"
"Rv2782c","R"
"Rv2783c","J"
"Rv2784c","S"
"Rv2785c","J"
"Rv2786c","H"
"Rv2787","D"
"Rv2788","K"
"Rv2789c","I"
"Rv2790c","I"
"Rv2791c","L"
"Rv2792c","L"
"Rv2793c","J"
"Rv2794c","Q"
"Rv2795c","R"
"Rv2796c","S"
"Rv2797c","S"
"Rv2798c","S"
"Rv2799","S"
"Rv2800","R"
"Rv2801A","S"
"Rv2801c","T"
"Rv2802c","S"
"Rv2803","S"
"Rv2804c","S"
"Rv2805","S"
"Rv2806","S"
"Rv2807","S"
"Rv2808","S"
"Rv2809","S"
"Rv2810c","L"
"Rv2811","S"
"Rv2812","L"
"Rv2813","U"
"Rv2814c","L"
"Rv2815c","L"
"Rv2816c","L"
"Rv2817c","L"
"Rv2818c","S"
"Rv2819c","L"
"Rv2820c","L"
"Rv2821c","L"
"Rv2822c","S"
"Rv2823c","R"
"Rv2824c","S"
"Rv2825c","S"
"Rv2826c","S"
"Rv2827c","J"
"Rv2828A","S"
"Rv2828c","S"
"Rv2829c","S"
"Rv2830c","D"
"Rv2831","I"
"Rv2832c","G"
"Rv2833c","G"
"Rv2834c","G"
"Rv2835c","G"
"Rv2836c","V"
"Rv2837c","R"
"Rv2838c","J"
"Rv2839c","J"
"Rv2840c","K"
"Rv2841c","K"
"Rv2842c","S"
"Rv2843","S"
"Rv2844","S"
"Rv2845c","J"
"Rv2846c","R"
"Rv2847c","H"
"Rv2847c","H"
"Rv2848c","H"
"Rv2849c","H"
"Rv2850c","H"
"Rv2850c","H"
"Rv2851c","R"
"Rv2852c","R"
"Rv2853","S"
"Rv2854","I"
"Rv2855","C"
"Rv2856","P"
"Rv2857c","R"
"Rv2858c","C"
"Rv2859c","R"
"Rv2860c","E"
"Rv2861c","J"
"Rv2862A","S"
"Rv2862c","S"
"Rv2863","R"
"Rv2864c","M"
"Rv2865","D"
"Rv2866","D"
"Rv2867c","R"
"Rv2868c","I"
"Rv2869c","M"
"Rv2870c","I"
"Rv2871","S"
"Rv2872","S"
"Rv2873","M"
"Rv2874","C"
"Rv2874","O"
"Rv2875","M"
"Rv2876","S"
"Rv2877c","S"
"Rv2878c","C"
"Rv2879c","R"
"Rv2880c","R"
"Rv2881c","I"
"Rv2882c","J"
"Rv2883c","F"
"Rv2884","K"
"Rv2885c","L"
"Rv2886c","L"
"Rv2887","K"
"Rv2888c","J"
"Rv2889c","J"
"Rv2890c","J"
"Rv2891","M"
"Rv2892c","S"
"Rv2893","C"
"Rv2894c","L"
"Rv2895c","P"
"Rv2896c","U"
"Rv2897c","O"
"Rv2898c","L"
"Rv2899c","C"
"Rv2900c","C"
"Rv2901c","S"
"Rv2902c","L"
"Rv2903c","U"
"Rv2904c","J"
"Rv2905","S"
"Rv2906c","J"
"Rv2907c","J"
"Rv2908c","R"
"Rv2909c","J"
"Rv2910c","S"
"Rv2911","M"
"Rv2912c","K"
"Rv2913c","Q"
"Rv2914c","L"
"Rv2915c","Q"
"Rv2916c","U"
"Rv2917","L"
"Rv2918c","O"
"Rv2919c","E"
"Rv2920c","P"
"Rv2921c","U"
"Rv2922A","C"
"Rv2922c","D"
"Rv2923c","O"
"Rv2924c","L"
"Rv2925c","K"
"Rv2926c","R"
"Rv2927c","D"
"Rv2928","Q"
"Rv2929","S"
"Rv2930","Q"
"Rv2931","Q"
"Rv2932","Q"
"Rv2933","Q"
"Rv2934","Q"
"Rv2935","Q"
"Rv2935","Q"
"Rv2936","V"
"Rv2937","V"
"Rv2938","V"
"Rv2939","Q"
"Rv2940c","Q"
"Rv2941","Q"
"Rv2942","R"
"Rv2943","L"
"Rv2943A","L"
"Rv2944","L"
"Rv2945c","S"
"Rv2946c","Q"
"Rv2947c","Q"
"Rv2948c","Q"
"Rv2948c","Q"
"Rv2949c","H"
"Rv2950c","Q"
"Rv2951c","C"
"Rv2952","R"
"Rv2953","S"
"Rv2954c","R"
"Rv2955c","R"
"Rv2956","R"
"Rv2957","M"
"Rv2958c","C"
"Rv2959c","V"
"Rv2960c","S"
"Rv2961","L"
"Rv2962c","C"
"Rv2963","R"
"Rv2964","F"
"Rv2965c","H"
"Rv2966c","L"
"Rv2967c","C"
"Rv2968c","S"
"Rv2969c","O"
"Rv2970A","R"
"Rv2970c","I"
"Rv2971","R"
"Rv2972c","S"
"Rv2973c","K"
"Rv2974c","R"
"Rv2975c","R"
"Rv2976c","L"
"Rv2977c","H"
"Rv2978c","L"
"Rv2979c","L"
"Rv2980","S"
"Rv2981c","M"
"Rv2982c","C"
"Rv2983","S"
"Rv2984","P"
"Rv2985","G"
"Rv2985","R"
"Rv2986c","L"
"Rv2987c","E"
"Rv2988c","E"
"Rv2989","K"
"Rv2990c","S"
"Rv2991","P"
"Rv2992c","J"
"Rv2993c","Q"
"Rv2994","R"
"Rv2995c","E"
"Rv2996c","E"
"Rv2997","Q"
"Rv2998","S"
"Rv2998A","T"
"Rv2999","S"
"Rv3000","R"
"Rv3000","V"
"Rv3001c","H"
"Rv3002c","E"
"Rv3003c","H"
"Rv3004","D"
"Rv3005c","S"
"Rv3006","G"
"Rv3007c","R"
"Rv3008","S"
"Rv3009c","J"
"Rv3010c","G"
"Rv3011c","J"
"Rv3012c","J"
"Rv3013","E"
"Rv3014c","L"
"Rv3015c","S"
"Rv3016","S"
"Rv3017c","S"
"Rv3018A","S"
"Rv3018c","S"
"Rv3019c","S"
"Rv3020c","S"
"Rv3022A","S"
"Rv3023c","L"
"Rv3024c","J"
"Rv3025c","E"
"Rv3026c","I"
"Rv3027c","R"
"Rv3028c","C"
"Rv3029c","C"
"Rv3030","R"
"Rv3031","S"
"Rv3032","M"
"Rv3032A","S"
"Rv3033","S"
"Rv3034c","R"
"Rv3035","S"
"Rv3036c","S"
"Rv3037c","R"
"Rv3038c","R"
"Rv3039c","I"
"Rv3040c","R"
"Rv3041c","P"
"Rv3042c","E"
"Rv3042c","T"
"Rv3043c","C"
"Rv3044","P"
"Rv3045","R"
"Rv3046c","S"
"Rv3047c","S"
"Rv3048c","F"
"Rv3049c","P"
"Rv3050c","K"
"Rv3051c","F"
"Rv3052c","F"
"Rv3053c","O"
"Rv3054c","R"
"Rv3055","S"
"Rv3056","L"
"Rv3057c","R"
"Rv3058c","K"
"Rv3059","Q"
"Rv3060c","K"
"Rv3061c","I"
"Rv3062","L"
"Rv3063","T"
"Rv3064c","S"
"Rv3065","P"
"Rv3066","S"
"Rv3067","E"
"Rv3068c","G"
"Rv3069","D"
"Rv3070","D"
"Rv3071","S"
"Rv3072c","C"
"Rv3073c","S"
"Rv3074","V"
"Rv3075c","G"
"Rv3076","S"
"Rv3077","P"
"Rv3078","S"
"Rv3079c","C"
"Rv3080c","L"
"Rv3080c","K"
"Rv3081","S"
"Rv3082c","K"
"Rv3083","P"
"Rv3084","I"
"Rv3085","R"
"Rv3086","C"
"Rv3087","S"
"Rv3088","S"
"Rv3089","Q"
"Rv3090","O"
"Rv3091","S"
"Rv3092c","S"
"Rv3093c","C"
"Rv3094c","I"
"Rv3095","K"
"Rv3096","S"
"Rv3097c","I"
"Rv3098A","S"
"Rv3098c","E"
"Rv3099c","S"
"Rv3100c","O"
"Rv3101c","D"
"Rv3102c","D"
"Rv3103c","S"
"Rv3104c","M"
"Rv3105c","J"
"Rv3106","R"
"Rv3107c","C"
"Rv3108","S"
"Rv3109","H"
"Rv3110","H"
"Rv3111","H"
"Rv3112","H"
"Rv3113","R"
"Rv3114","J"
"Rv3115","L"
"Rv3116","H"
"Rv3116","P"
"Rv3117","P"
"Rv3118","S"
"Rv3119","H"
"Rv3120","R"
"Rv3121","Q"
"Rv3122","S"
"Rv3123","S"
"Rv3124","T"
"Rv3125c","S"
"Rv3126c","S"
"Rv3127","S"
"Rv3129","S"
"Rv3130c","S"
"Rv3131","S"
"Rv3132c","T"
"Rv3132c","T"
"Rv3133c","K"
"Rv3134c","T"
"Rv3135","S"
"Rv3136","S"
"Rv3136A","S"
"Rv3137","G"
"Rv3138","O"
"Rv3139","I"
"Rv3140","I"
"Rv3141","R"
"Rv3142c","S"
"Rv3143","T"
"Rv3144c","S"
"Rv3145","C"
"Rv3146","C"
"Rv3147","C"
"Rv3148","C"
"Rv3149","C"
"Rv3150","C"
"Rv3151","C"
"Rv3152","C"
"Rv3153","C"
"Rv3154","C"
"Rv3155","C"
"Rv3156","P"
"Rv3157","C"
"Rv3158","C"
"Rv3159c","S"
"Rv3160c","K"
"Rv3161c","R"
"Rv3162c","S"
"Rv3163c","R"
"Rv3164c","R"
"Rv3165c","S"
"Rv3166c","S"
"Rv3167c","K"
"Rv3168","R"
"Rv3169","S"
"Rv3170","E"
"Rv3171c","R"
"Rv3172c","S"
"Rv3173c","K"
"Rv3174","R"
"Rv3175","J"
"Rv3176c","R"
"Rv3177","R"
"Rv3178","S"
"Rv3179","R"
"Rv3180c","R"
"Rv3181c","K"
"Rv3181c","D"
"Rv3182","S"
"Rv3183","K"
"Rv3184","L"
"Rv3185","L"
"Rv3186","L"
"Rv3187","L"
"Rv3188","S"
"Rv3189","S"
"Rv3190A","S"
"Rv3190c","S"
"Rv3191c","L"
"Rv3192","C"
"Rv3193c","S"
"Rv3194c","T"
"Rv3195","S"
"Rv3196","S"
"Rv3196A","S"
"Rv3197","R"
"Rv3197A","S"
"Rv3198A","O"
"Rv3198c","L"
"Rv3199c","L"
"Rv3200c","P"
"Rv3201c","L"
"Rv3201c","L"
"Rv3202c","L"
"Rv3202c","L"
"Rv3203","R"
"Rv3204","L"
"Rv3205c","S"
"Rv3206c","H"
"Rv3206c","P"
"Rv3207c","S"
"Rv3208","K"
"Rv3208A","S"
"Rv3209","S"
"Rv3210c","S"
"Rv3211","J"
"Rv3212","S"
"Rv3213c","D"
"Rv3214","G"
"Rv3215","Q"
"Rv3217c","S"
"Rv3218","R"
"Rv3219","S"
"Rv3220c","T"
"Rv3221A","P"
"Rv3221c","I"
"Rv3222c","S"
"Rv3223c","K"
"Rv3224","R"
"Rv3224A","S"
"Rv3224B","S"
"Rv3225c","J"
"Rv3225c","R"
"Rv3226c","S"
"Rv3227","E"
"Rv3228","R"
"Rv3229c","I"
"Rv3230c","C"
"Rv3231c","S"
"Rv3232c","S"
"Rv3233c","S"
"Rv3234c","S"
"Rv3235","S"
"Rv3236c","P"
"Rv3237c","P"
"Rv3238c","O"
"Rv3239c","R"
"Rv3239c","T"
"Rv3239c","R"
"Rv3240c","U"
"Rv3241c","J"
"Rv3242c","R"
"Rv3243c","S"
"Rv3244c","S"
"Rv3245c","T"
"Rv3246c","K"
"Rv3247c","F"
"Rv3248c","H"
"Rv3249c","K"
"Rv3250c","C"
"Rv3251c","C"
"Rv3252c","S"
"Rv3253c","E"
"Rv3254","S"
"Rv3255c","G"
"Rv3256c","S"
"Rv3257c","G"
"Rv3258c","S"
"Rv3259","L"
"Rv3260c","S"
"Rv3261","S"
"Rv3262","C"
"Rv3262","S"
"Rv3263","L"
"Rv3264c","J"
"Rv3265c","R"
"Rv3266c","M"
"Rv3267","K"
"Rv3268","S"
"Rv3269","S"
"Rv3270","P"
"Rv3271c","S"
"Rv3272","C"
"Rv3273","P"
"Rv3273","P"
"Rv3274c","I"
"Rv3275c","F"
"Rv3276c","F"
"Rv3277","S"
"Rv3278c","S"
"Rv3279c","H"
"Rv3280","I"
"Rv3281","S"
"Rv3282","D"
"Rv3283","P"
"Rv3284","R"
"Rv3285","I"
"Rv3286c","K"
"Rv3287c","T"
"Rv3288c","S"
"Rv3289c","S"
"Rv3290c","E"
"Rv3291c","K"
"Rv3292","S"
"Rv3293","C"
"Rv3294c","R"
"Rv3295","K"
"Rv3296","R"
"Rv3297","L"
"Rv3298c","Q"
"Rv3299c","P"
"Rv3300c","J"
"Rv3301c","P"
"Rv3302c","C"
"Rv3303c","C"
"Rv3304","S"
"Rv3305c","R"
"Rv3306c","R"
"Rv3307","F"
"Rv3308","G"
"Rv3309c","F"
"Rv3310","S"
"Rv3311","S"
"Rv3312A","S"
"Rv3312c","R"
"Rv3313c","F"
"Rv3314c","F"
"Rv3315c","F"
"Rv3316","C"
"Rv3317","C"
"Rv3318","C"
"Rv3319","C"
"Rv3320c","R"
"Rv3321c","S"
"Rv3322c","R"
"Rv3323c","H"
"Rv3323c","H"
"Rv3324c","H"
"Rv3325","L"
"Rv3326","L"
"Rv3327","S"
"Rv3327","L"
"Rv3328c","K"
"Rv3329","H"
"Rv3330","M"
"Rv3331","R"
"Rv3332","G"
"Rv3333c","S"
"Rv3334","K"
"Rv3335c","S"
"Rv3336c","J"
"Rv3337","R"
"Rv3338","R"
"Rv3339c","C"
"Rv3340","E"
"Rv3341","E"
"Rv3342","R"
"Rv3343c","S"
"Rv3344c","S"
"Rv3345c","S"
"Rv3346c","S"
"Rv3347c","S"
"Rv3348","S"
"Rv3349c","L"
"Rv3350c","S"
"Rv3351c","C"
"Rv3352c","C"
"Rv3353c","S"
"Rv3354","S"
"Rv3355c","S"
"Rv3356c","H"
"Rv3357","D"
"Rv3358","S"
"Rv3359","C"
"Rv3360","T"
"Rv3361c","S"
"Rv3362c","R"
"Rv3363c","S"
"Rv3364c","R"
"Rv3365c","T"
"Rv3366","J"
"Rv3367","S"
"Rv3368c","C"
"Rv3369","H"
"Rv3370c","L"
"Rv3371","S"
"Rv3372","R"
"Rv3372","G"
"Rv3373","I"
"Rv3374","I"
"Rv3375","J"
"Rv3376","R"
"Rv3377c","S"
"Rv3378c","S"
"Rv3379c","I"
"Rv3380c","L"
"Rv3381c","L"
"Rv3382c","M"
"Rv3383c","H"
"Rv3384c","S"
"Rv3385c","D"
"Rv3386","L"
"Rv3387","L"
"Rv3388","S"
"Rv3389c","I"
"Rv3390","G"
"Rv3391","R"
"Rv3391","Q"
"Rv3392c","M"
"Rv3393","F"
"Rv3394c","L"
"Rv3395A","S"
"Rv3395c","S"
"Rv3396c","F"
"Rv3396c","F"
"Rv3397c","I"
"Rv3398c","H"
"Rv3399","Q"
"Rv3400","R"
"Rv3401","G"
"Rv3402c","M"
"Rv3403c","S"
"Rv3404c","J"
"Rv3405c","K"
"Rv3406","Q"
"Rv3407","D"
"Rv3408","R"
"Rv3409c","E"
"Rv3410c","F"
"Rv3411c","F"
"Rv3411c","R"
"Rv3412","S"
"Rv3413c","S"
"Rv3414c","K"
"Rv3415c","S"
"Rv3416","S"
"Rv3417c","O"
"Rv3418c","O"
"Rv3419c","O"
"Rv3420c","R"
"Rv3421c","O"
"Rv3422c","R"
"Rv3423c","M"
"Rv3424c","S"
"Rv3425","S"
"Rv3426","S"
"Rv3427c","L"
"Rv3428c","L"
"Rv3429","S"
"Rv3430c","L"
"Rv3431c","L"
"Rv3432c","E"
"Rv3433c","S"
"Rv3433c","G"
"Rv3434c","S"
"Rv3435c","S"
"Rv3436c","M"
"Rv3437","S"
"Rv3438","S"
"Rv3439c","S"
"Rv3440c","S"
"Rv3441c","G"
"Rv3442c","J"
"Rv3443c","J"
"Rv3444c","S"
"Rv3445c","S"
"Rv3446c","S"
"Rv3447c","D"
"Rv3448","S"
"Rv3449","O"
"Rv3450c","S"
"Rv3451","S"
"Rv3452","S"
"Rv3453","S"
"Rv3454","S"
"Rv3455c","J"
"Rv3456c","J"
"Rv3457c","K"
"Rv3458c","J"
"Rv3459c","J"
"Rv3460c","J"
"Rv3461c","J"
"Rv3462c","J"
"Rv3463","C"
"Rv3464","M"
"Rv3465","M"
"Rv3466","S"
"Rv3467","S"
"Rv3468c","G"
"Rv3469c","E"
"Rv3470c","H"
"Rv3471c","G"
"Rv3472","S"
"Rv3473c","R"
"Rv3474","L"
"Rv3475","L"
"Rv3476c","R"
"Rv3477","S"
"Rv3478","S"
"Rv3479","S"
"Rv3480c","Q"
"Rv3481c","S"
"Rv3482c","S"
"Rv3483c","S"
"Rv3484","K"
"Rv3485c","R"
"Rv3486","S"
"Rv3487c","I"
"Rv3488","K"
"Rv3489","S"
"Rv3490","G"
"Rv3491","S"
"Rv3492c","S"
"Rv3493c","S"
"Rv3494c","Q"
"Rv3495c","Q"
"Rv3496c","Q"
"Rv3497c","Q"
"Rv3498c","Q"
"Rv3499c","Q"
"Rv3500c","Q"
"Rv3501c","Q"
"Rv3502c","R"
"Rv3503c","C"
"Rv3504","I"
"Rv3505","I"
"Rv3506","Q"
"Rv3507","S"
"Rv3508","S"
"Rv3509c","H"
"Rv3510c","R"
"Rv3511","S"
"Rv3512","S"
"Rv3513c","Q"
"Rv3514","S"
"Rv3515c","Q"
"Rv3516","I"
"Rv3517","L"
"Rv3518c","Q"
"Rv3519","S"
"Rv3520c","C"
"Rv3521","R"
"Rv3522","I"
"Rv3523","I"
"Rv3524","S"
"Rv3525c","R"
"Rv3526","R"
"Rv3527","S"
"Rv3528c","S"
"Rv3529c","S"
"Rv3530c","R"
"Rv3531c","S"
"Rv3532","S"
"Rv3533c","S"
"Rv3534c","E"
"Rv3535c","Q"
"Rv3536c","Q"
"Rv3537","C"
"Rv3538","I"
"Rv3539","S"
"Rv3540c","I"
"Rv3541c","S"
"Rv3542c","R"
"Rv3543c","I"
"Rv3544c","I"
"Rv3545c","Q"
"Rv3546","I"
"Rv3547","S"
"Rv3548c","R"
"Rv3549c","R"
"Rv3550","I"
"Rv3551","I"
"Rv3552","I"
"Rv3553","R"
"Rv3554","C"
"Rv3554","I"
"Rv3555c","S"
"Rv3556c","I"
"Rv3557c","K"
"Rv3558","S"
"Rv3559c","R"
"Rv3560c","I"
"Rv3561","Q"
"Rv3562","I"
"Rv3563","I"
"Rv3564","I"
"Rv3565","E"
"Rv3566A","S"
"Rv3566c","Q"
"Rv3567c","R"
"Rv3568c","E"
"Rv3569c","R"
"Rv3570c","I"
"Rv3571","C"
"Rv3572","S"
"Rv3573c","I"
"Rv3574","K"
"Rv3575c","K"
"Rv3576","S"
"Rv3577","R"
"Rv3578","P"
"Rv3579c","J"
"Rv3580c","J"
"Rv3581c","I"
"Rv3582c","I"
"Rv3583c","K"
"Rv3584","S"
"Rv3585","O"
"Rv3586","R"
"Rv3587c","S"
"Rv3588c","P"
"Rv3589","L"
"Rv3590c","S"
"Rv3591c","R"
"Rv3592","R"
"Rv3593","V"
"Rv3594","S"
"Rv3595c","S"
"Rv3596c","O"
"Rv3597c","S"
"Rv3598c","J"
"Rv3599c","S"
"Rv3600c","K"
"Rv3601c","H"
"Rv3602c","H"
"Rv3603c","S"
"Rv3604c","S"
"Rv3605c","S"
"Rv3606c","H"
"Rv3607c","H"
"Rv3608c","H"
"Rv3609c","H"
"Rv3610c","O"
"Rv3611","S"
"Rv3612c","S"
"Rv3613c","S"
"Rv3614c","S"
"Rv3615c","S"
"Rv3616c","S"
"Rv3617","R"
"Rv3618","C"
"Rv3619c","S"
"Rv3620c","S"
"Rv3621c","S"
"Rv3622c","S"
"Rv3623","S"
"Rv3624c","F"
"Rv3625c","D"
"Rv3626c","S"
"Rv3627c","M"
"Rv3628","C"
"Rv3629c","S"
"Rv3630","S"
"Rv3631","M"
"Rv3632","S"
"Rv3633","Q"
"Rv3634c","G"
"Rv3635","S"
"Rv3636","L"
"Rv3637","L"
"Rv3638","L"
"Rv3639c","S"
"Rv3640c","L"
"Rv3641c","D"
"Rv3642c","S"
"Rv3643","S"
"Rv3644c","L"
"Rv3645","T"
"Rv3646c","L"
"Rv3646c","R"
"Rv3647c","S"
"Rv3648c","K"
"Rv3649","R"
"Rv3650","S"
"Rv3651","S"
"Rv3652","S"
"Rv3653","S"
"Rv3654c","S"
"Rv3655c","S"
"Rv3656c","S"
"Rv3657c","U"
"Rv3658c","S"
"Rv3659c","U"
"Rv3660c","S"
"Rv3661","E"
"Rv3662c","S"
"Rv3663c","R"
"Rv3664c","P"
"Rv3665c","P"
"Rv3666c","E"
"Rv3667","I"
"Rv3668c","S"
"Rv3669","S"
"Rv3670","R"
"Rv3671c","O"
"Rv3672c","R"
"Rv3673c","C"
"Rv3674c","L"
"Rv3675","S"
"Rv3676","T"
"Rv3677c","R"
"Rv3678A","S"
"Rv3678c","J"
"Rv3679","P"
"Rv3680","P"
"Rv3681c","S"
"Rv3682","M"
"Rv3683","R"
"Rv3684","E"
"Rv3685c","Q"
"Rv3686c","S"
"Rv3687c","T"
"Rv3688c","S"
"Rv3689","S"
"Rv3690","S"
"Rv3691","S"
"Rv3692","R"
"Rv3693","R"
"Rv3694c","S"
"Rv3695","S"
"Rv3696c","C"
"Rv3697A","S"
"Rv3697c","R"
"Rv3698","S"
"Rv3699","R"
"Rv3700c","E"
"Rv3701c","S"
"Rv3702c","R"
"Rv3703c","S"
"Rv3704c","H"
"Rv3705A","S"
"Rv3705c","S"
"Rv3706c","S"
"Rv3707c","S"
"Rv3708c","E"
"Rv3709c","E"
"Rv3710","E"
"Rv3711c","L"
"Rv3712","M"
"Rv3713","R"
"Rv3714c","S"
"Rv3715c","L"
"Rv3716c","S"
"Rv3717","M"
"Rv3718c","S"
"Rv3719","C"
"Rv3720","M"
"Rv3721c","L"
"Rv3722c","E"
"Rv3723","S"
"Rv3724A","S"
"Rv3724B","S"
"Rv3725","G"
"Rv3726","R"
"Rv3727","S"
"Rv3728","R"
"Rv3728","R"
"Rv3729","R"
"Rv3729","R"
"Rv3730c","L"
"Rv3731","L"
"Rv3732","S"
"Rv3733c","R"
"Rv3734c","S"
"Rv3735","S"
"Rv3736","K"
"Rv3737","S"
"Rv3737","S"
"Rv3738c","S"
"Rv3739c","S"
"Rv3740c","S"
"Rv3741c","P"
"Rv3742c","P"
"Rv3743c","P"
"Rv3744","K"
"Rv3745c","S"
"Rv3746c","S"
"Rv3747","S"
"Rv3748","S"
"Rv3749c","S"
"Rv3750c","S"
"Rv3751","L"
"Rv3752c","J"
"Rv3753c","S"
"Rv3754","E"
"Rv3755c","S"
"Rv3756c","E"
"Rv3757c","E"
"Rv3758c","E"
"Rv3759c","M"
"Rv3760","S"
"Rv3761c","R"
"Rv3762c","Q"
"Rv3763","S"
"Rv3764c","T"
"Rv3765c","K"
"Rv3766","S"
"Rv3767c","Q"
"Rv3768","S"
"Rv3769","T"
"Rv3770A","S"
"Rv3770B","S"
"Rv3770c","S"
"Rv3771c","S"
"Rv3772","E"
"Rv3773c","S"
"Rv3774","I"
"Rv3775","V"
"Rv3776","S"
"Rv3777","R"
"Rv3778c","E"
"Rv3779","S"
"Rv3780","S"
"Rv3781","M"
"Rv3782","R"
"Rv3783","M"
"Rv3784","G"
"Rv3785","S"
"Rv3786c","M"
"Rv3786c","M"
"Rv3787c","Q"
"Rv3788","K"
"Rv3789","S"
"Rv3790","C"
"Rv3791","R"
"Rv3792","S"
"Rv3793","S"
"Rv3794","S"
"Rv3795","S"
"Rv3796","R"
"Rv3797","I"
"Rv3798","L"
"Rv3799c","I"
"Rv3800c","Q"
"Rv3800c","Q"
"Rv3801c","Q"
"Rv3802c","S"
"Rv3803c","R"
"Rv3804c","R"
"Rv3805c","S"
"Rv3806c","H"
"Rv3807c","I"
"Rv3808c","R"
"Rv3809c","M"
"Rv3810","S"
"Rv3811","M"
"Rv3812","S"
"Rv3813c","R"
"Rv3814c","I"
"Rv3815c","I"
"Rv3816c","I"
"Rv3817","J"
"Rv3818","R"
"Rv3818","R"
"Rv3819","S"
"Rv3820c","Q"
"Rv3821","S"
"Rv3822","S"
"Rv3823c","R"
"Rv3824c","Q"
"Rv3825c","Q"
"Rv3826","Q"
"Rv3827c","L"
"Rv3828c","L"
"Rv3829c","Q"
"Rv3830c","K"
"Rv3831","S"
"Rv3832c","R"
"Rv3833","K"
"Rv3834c","J"
"Rv3835","S"
"Rv3836","S"
"Rv3837c","G"
"Rv3838c","E"
"Rv3839","S"
"Rv3840","K"
"Rv3841","P"
"Rv3842c","C"
"Rv3843c","S"
"Rv3844","S"
"Rv3845","S"
"Rv3846","P"
"Rv3847","S"
"Rv3848","S"
"Rv3849","S"
"Rv3850","S"
"Rv3851","S"
"Rv3852","S"
"Rv3853","H"
"Rv3854c","P"
"Rv3855","K"
"Rv3856c","R"
"Rv3857c","S"
"Rv3858c","R"
"Rv3859c","E"
"Rv3859c","E"
"Rv3859c","E"
"Rv3860","S"
"Rv3861","S"
"Rv3862c","J"
"Rv3863","S"
"Rv3864","S"
"Rv3865","S"
"Rv3866","S"
"Rv3867","S"
"Rv3868","O"
"Rv3869","S"
"Rv3870","D"
"Rv3871","D"
"Rv3872","S"
"Rv3873","S"
"Rv3874","S"
"Rv3875","S"
"Rv3876","D"
"Rv3877","S"
"Rv3878","S"
"Rv3879c","S"
"Rv3880c","S"
"Rv3881c","S"
"Rv3882c","S"
"Rv3883c","O"
"Rv3884c","O"
"Rv3885c","S"
"Rv3886c","O"
"Rv3887c","S"
"Rv3888c","D"
"Rv3888c","D"
"Rv3889c","S"
"Rv3890c","S"
"Rv3891c","S"
"Rv3892c","S"
"Rv3893c","S"
"Rv3894c","D"
"Rv3895c","S"
"Rv3896c","R"
"Rv3897c","S"
"Rv3898c","S"
"Rv3899c","S"
"Rv3900c","S"
"Rv3901c","S"
"Rv3902c","S"
"Rv3903c","S"
"Rv3904c","S"
"Rv3905c","S"
"Rv3906c","S"
"Rv3907c","J"
"Rv3908","R"
"Rv3909","S"
"Rv3910","L"
"Rv3910","R"
"Rv3911","K"
"Rv3912","S"
"Rv3913","O"
"Rv3914","C"
"Rv3915","M"
"Rv3915","M"
"Rv3916c","S"
"Rv3917c","K"
"Rv3918c","D"
"Rv3919c","M"
"Rv3920c","R"
"Rv3921c","U"
"Rv3922c","S"
"Rv3923c","J"
"Rv3924c","J"
"Rvnr01","S"
"Rv1755c","M"
"Rv1784","D"
"Rv3216","R"
